match,home_team,away_team,market,player_name,player_team,opposition_team,line,over_price,agency
New Orleans Saints v San Francisco 49ers,New Orleans Saints,San Francisco 49ers,Player Touchdowns,Jake Tonges,San Francisco 49ers,New Orleans Saints,0.5,5.5,Neds
New Orleans Saints v San Francisco 49ers,New Orleans Saints,San Francisco 49ers,Player Touchdowns,Moliki Matavao,New Orleans Saints,San Francisco 49ers,0.5,21,Neds
New Orleans Saints v San Francisco 49ers,New Orleans Saints,San Francisco 49ers,Player Touchdowns,Jordan Watkins,San Francisco 49ers,New Orleans Saints,0.5,13,Neds
New Orleans Saints v San Francisco 49ers,New Orleans Saints,San Francisco 49ers,Player Touchdowns,Skyy Moore,San Francisco 49ers,New Orleans Saints,0.5,11.5,Neds
New Orleans Saints v San Francisco 49ers,New Orleans Saints,San Francisco 49ers,Player Touchdowns,Rashid Shaheed,New Orleans Saints,San Francisco 49ers,0.5,3.9,Neds
New Orleans Saints v San Francisco 49ers,New Orleans Saints,San Francisco 49ers,Player Touchdowns,Kendre Miller,New Orleans Saints,San Francisco 49ers,0.5,8.25,Neds
New Orleans Saints v San Francisco 49ers,New Orleans Saints,San Francisco 49ers,Player Touchdowns,Jordan James,San Francisco 49ers,New Orleans Saints,0.5,13,Neds
New Orleans Saints v San Francisco 49ers,New Orleans Saints,San Francisco 49ers,Player Touchdowns,Brian Robinson,San Francisco 49ers,New Orleans Saints,0.5,3.9,Neds
New Orleans Saints v San Francisco 49ers,New Orleans Saints,San Francisco 49ers,Player Touchdowns,Ricky Pearsall,San Francisco 49ers,New Orleans Saints,0.5,2.75,Neds
New Orleans Saints v San Francisco 49ers,New Orleans Saints,San Francisco 49ers,Player Touchdowns,Devaughn Vele,New Orleans Saints,San Francisco 49ers,0.5,10.5,Neds
New Orleans Saints v San Francisco 49ers,New Orleans Saints,San Francisco 49ers,Player Touchdowns,Kyle Juszczyk,San Francisco 49ers,New Orleans Saints,0.5,9.5,Neds
New Orleans Saints v San Francisco 49ers,New Orleans Saints,San Francisco 49ers,Player Touchdowns,Velus Jones,NA,NA,0.5,21,Neds
New Orleans Saints v San Francisco 49ers,New Orleans Saints,San Francisco 49ers,Player Touchdowns,Christian McCaffrey,San Francisco 49ers,New Orleans Saints,0.5,1.53,Neds
New Orleans Saints v San Francisco 49ers,New Orleans Saints,San Francisco 49ers,Player Touchdowns,Alvin Kamara,New Orleans Saints,San Francisco 49ers,0.5,1.98,Neds
New Orleans Saints v San Francisco 49ers,New Orleans Saints,San Francisco 49ers,Player Touchdowns,Brandin Cooks,New Orleans Saints,San Francisco 49ers,0.5,8.75,Neds
New Orleans Saints v San Francisco 49ers,New Orleans Saints,San Francisco 49ers,Player Touchdowns,Isaac Guerendo,San Francisco 49ers,New Orleans Saints,0.5,9.5,Neds
New Orleans Saints v San Francisco 49ers,New Orleans Saints,San Francisco 49ers,Player Touchdowns,49ers DST,NA,NA,0.5,7.5,Neds
New Orleans Saints v San Francisco 49ers,New Orleans Saints,San Francisco 49ers,Player Touchdowns,Devin Neal,New Orleans Saints,San Francisco 49ers,0.5,15,Neds
New Orleans Saints v San Francisco 49ers,New Orleans Saints,San Francisco 49ers,Player Touchdowns,Jack Stoll,New Orleans Saints,San Francisco 49ers,0.5,21,Neds
New Orleans Saints v San Francisco 49ers,New Orleans Saints,San Francisco 49ers,Player Touchdowns,Spencer Rattler,New Orleans Saints,San Francisco 49ers,0.5,5.5,Neds
New Orleans Saints v San Francisco 49ers,New Orleans Saints,San Francisco 49ers,Player Touchdowns,Jauan Jennings,San Francisco 49ers,New Orleans Saints,0.5,3.05,Neds
New Orleans Saints v San Francisco 49ers,New Orleans Saints,San Francisco 49ers,Player Touchdowns,Mason Tipton,New Orleans Saints,San Francisco 49ers,0.5,13,Neds
New Orleans Saints v San Francisco 49ers,New Orleans Saints,San Francisco 49ers,Player Touchdowns,Saints DST,NA,NA,0.5,7.5,Neds
New Orleans Saints v San Francisco 49ers,New Orleans Saints,San Francisco 49ers,Player Touchdowns,Chris Olave,New Orleans Saints,San Francisco 49ers,0.5,2.75,Neds
New Orleans Saints v San Francisco 49ers,New Orleans Saints,San Francisco 49ers,Player Touchdowns,Marquez Valdes-Scantling,San Francisco 49ers,New Orleans Saints,0.5,5.5,Neds
New Orleans Saints v San Francisco 49ers,New Orleans Saints,San Francisco 49ers,Player Touchdowns,Juwan Johnson,New Orleans Saints,San Francisco 49ers,0.5,3.9,Neds
New Orleans Saints v San Francisco 49ers,New Orleans Saints,San Francisco 49ers,Player Touchdowns,Luke Farrell,San Francisco 49ers,New Orleans Saints,0.5,5.5,Neds
New Orleans Saints v San Francisco 49ers,New Orleans Saints,San Francisco 49ers,Player Touchdowns,Mac Jones,San Francisco 49ers,New Orleans Saints,0.5,5.5,Neds
Miami Dolphins v New England Patriots,Miami Dolphins,New England Patriots,Player Touchdowns,Tanner Conner,Miami Dolphins,New England Patriots,0.5,7.75,Neds
Miami Dolphins v New England Patriots,Miami Dolphins,New England Patriots,Player Touchdowns,Antonio Gibson,New England Patriots,Miami Dolphins,0.5,13,Neds
Miami Dolphins v New England Patriots,Miami Dolphins,New England Patriots,Player Touchdowns,TreVeyon Henderson,New England Patriots,Miami Dolphins,0.5,2.75,Neds
Miami Dolphins v New England Patriots,Miami Dolphins,New England Patriots,Player Touchdowns,Jaylen Waddle,Miami Dolphins,New England Patriots,0.5,2.75,Neds
Miami Dolphins v New England Patriots,Miami Dolphins,New England Patriots,Player Touchdowns,Austin Hooper,New England Patriots,Miami Dolphins,0.5,7.75,Neds
Miami Dolphins v New England Patriots,Miami Dolphins,New England Patriots,Player Touchdowns,De'Von Achane,Miami Dolphins,New England Patriots,0.5,1.8199999999999998,Neds
Miami Dolphins v New England Patriots,Miami Dolphins,New England Patriots,Player Touchdowns,Drake Maye,New England Patriots,Miami Dolphins,0.5,4.5,Neds
Miami Dolphins v New England Patriots,Miami Dolphins,New England Patriots,Player Touchdowns,Ollie Gordon,NA,NA,0.5,3.9,Neds
Miami Dolphins v New England Patriots,Miami Dolphins,New England Patriots,Player Touchdowns,Tua Tagovailoa,Miami Dolphins,New England Patriots,0.5,15,Neds
Miami Dolphins v New England Patriots,Miami Dolphins,New England Patriots,Player Touchdowns,Nick Westbrook-Ikhine,Miami Dolphins,New England Patriots,0.5,7.75,Neds
Miami Dolphins v New England Patriots,Miami Dolphins,New England Patriots,Player Touchdowns,Dolphins DST,NA,NA,0.5,7.75,Neds
Miami Dolphins v New England Patriots,Miami Dolphins,New England Patriots,Player Touchdowns,Rhamondre Stevenson,New England Patriots,Miami Dolphins,0.5,2.55,Neds
Miami Dolphins v New England Patriots,Miami Dolphins,New England Patriots,Player Touchdowns,Dee Eskridge,Miami Dolphins,New England Patriots,0.5,15,Neds
Miami Dolphins v New England Patriots,Miami Dolphins,New England Patriots,Player Touchdowns,Mack Hollins,New England Patriots,Miami Dolphins,0.5,7.75,Neds
Miami Dolphins v New England Patriots,Miami Dolphins,New England Patriots,Player Touchdowns,Hunter Henry,New England Patriots,Miami Dolphins,0.5,3.4,Neds
Miami Dolphins v New England Patriots,Miami Dolphins,New England Patriots,Player Touchdowns,Tyreek Hill,Miami Dolphins,New England Patriots,0.5,2.35,Neds
Miami Dolphins v New England Patriots,Miami Dolphins,New England Patriots,Player Touchdowns,Kayshon Boutte,New England Patriots,Miami Dolphins,0.5,3.9,Neds
Miami Dolphins v New England Patriots,Miami Dolphins,New England Patriots,Player Touchdowns,Jack Westover,New England Patriots,Miami Dolphins,0.5,21,Neds
Miami Dolphins v New England Patriots,Miami Dolphins,New England Patriots,Player Touchdowns,Kyle Williams,New England Patriots,Miami Dolphins,0.5,15,Neds
Miami Dolphins v New England Patriots,Miami Dolphins,New England Patriots,Player Touchdowns,Malik Washington,Miami Dolphins,New England Patriots,0.5,5.5,Neds
Miami Dolphins v New England Patriots,Miami Dolphins,New England Patriots,Player Touchdowns,Stefon Diggs,New England Patriots,Miami Dolphins,0.5,3.05,Neds
Miami Dolphins v New England Patriots,Miami Dolphins,New England Patriots,Player Touchdowns,Alec Ingold,Miami Dolphins,New England Patriots,0.5,21,Neds
Miami Dolphins v New England Patriots,Miami Dolphins,New England Patriots,Player Touchdowns,DeMario Douglas,New England Patriots,Miami Dolphins,0.5,4.5,Neds
Miami Dolphins v New England Patriots,Miami Dolphins,New England Patriots,Player Touchdowns,Patriots DST,NA,NA,0.5,10.5,Neds
Miami Dolphins v New England Patriots,Miami Dolphins,New England Patriots,Player Touchdowns,Julian Hill,Miami Dolphins,New England Patriots,0.5,5.5,Neds
Indianapolis Colts v Denver Broncos,Indianapolis Colts,Denver Broncos,Player Touchdowns,Josh Downs,Indianapolis Colts,Denver Broncos,0.5,4.5,Neds
Indianapolis Colts v Denver Broncos,Indianapolis Colts,Denver Broncos,Player Touchdowns,J.K. Dobbins,Denver Broncos,Indianapolis Colts,0.5,2.55,Neds
Indianapolis Colts v Denver Broncos,Indianapolis Colts,Denver Broncos,Player Touchdowns,Mo Alie-Cox,Indianapolis Colts,Denver Broncos,0.5,10.5,Neds
Indianapolis Colts v Denver Broncos,Indianapolis Colts,Denver Broncos,Player Touchdowns,Courtland Sutton,Denver Broncos,Indianapolis Colts,0.5,2.55,Neds
Indianapolis Colts v Denver Broncos,Indianapolis Colts,Denver Broncos,Player Touchdowns,DJ Giddens,Indianapolis Colts,Denver Broncos,0.5,8.75,Neds
Indianapolis Colts v Denver Broncos,Indianapolis Colts,Denver Broncos,Player Touchdowns,Bo Nix,Denver Broncos,Indianapolis Colts,0.5,5.5,Neds
Indianapolis Colts v Denver Broncos,Indianapolis Colts,Denver Broncos,Player Touchdowns,Broncos DST,NA,NA,0.5,8.25,Neds
Indianapolis Colts v Denver Broncos,Indianapolis Colts,Denver Broncos,Player Touchdowns,Troy Franklin,Denver Broncos,Indianapolis Colts,0.5,4.5,Neds
Indianapolis Colts v Denver Broncos,Indianapolis Colts,Denver Broncos,Player Touchdowns,Lucas Krull,Denver Broncos,Indianapolis Colts,0.5,10.5,Neds
Indianapolis Colts v Denver Broncos,Indianapolis Colts,Denver Broncos,Player Touchdowns,Tyler Badie,Denver Broncos,Indianapolis Colts,0.5,8.25,Neds
Indianapolis Colts v Denver Broncos,Indianapolis Colts,Denver Broncos,Player Touchdowns,Jaleel McLaughlin,Denver Broncos,Indianapolis Colts,0.5,13,Neds
Indianapolis Colts v Denver Broncos,Indianapolis Colts,Denver Broncos,Player Touchdowns,Tyler Goodson,Indianapolis Colts,Denver Broncos,0.5,13,Neds
Indianapolis Colts v Denver Broncos,Indianapolis Colts,Denver Broncos,Player Touchdowns,Jonathan Taylor,Indianapolis Colts,Denver Broncos,0.5,1.6800000000000002,Neds
Indianapolis Colts v Denver Broncos,Indianapolis Colts,Denver Broncos,Player Touchdowns,Adam Trautman,Denver Broncos,Indianapolis Colts,0.5,5.5,Neds
Indianapolis Colts v Denver Broncos,Indianapolis Colts,Denver Broncos,Player Touchdowns,Ashton Dulin,Indianapolis Colts,Denver Broncos,0.5,21,Neds
Indianapolis Colts v Denver Broncos,Indianapolis Colts,Denver Broncos,Player Touchdowns,Tyler Warren,Indianapolis Colts,Denver Broncos,0.5,3.05,Neds
Indianapolis Colts v Denver Broncos,Indianapolis Colts,Denver Broncos,Player Touchdowns,RJ Harvey,Denver Broncos,Indianapolis Colts,0.5,3.05,Neds
Indianapolis Colts v Denver Broncos,Indianapolis Colts,Denver Broncos,Player Touchdowns,Pat Bryant,Denver Broncos,Indianapolis Colts,0.5,15,Neds
Indianapolis Colts v Denver Broncos,Indianapolis Colts,Denver Broncos,Player Touchdowns,Alec Pierce,Indianapolis Colts,Denver Broncos,0.5,5.5,Neds
Indianapolis Colts v Denver Broncos,Indianapolis Colts,Denver Broncos,Player Touchdowns,Daniel Jones,Indianapolis Colts,Denver Broncos,0.5,3.05,Neds
Indianapolis Colts v Denver Broncos,Indianapolis Colts,Denver Broncos,Player Touchdowns,Trent Sherfield,Denver Broncos,Indianapolis Colts,0.5,13,Neds
Indianapolis Colts v Denver Broncos,Indianapolis Colts,Denver Broncos,Player Touchdowns,Marvin Mims,NA,NA,0.5,3.9,Neds
Indianapolis Colts v Denver Broncos,Indianapolis Colts,Denver Broncos,Player Touchdowns,Michael Pittman,Indianapolis Colts,Denver Broncos,0.5,3.4,Neds
Indianapolis Colts v Denver Broncos,Indianapolis Colts,Denver Broncos,Player Touchdowns,Adonai Mitchell,Indianapolis Colts,Denver Broncos,0.5,10.5,Neds
Indianapolis Colts v Denver Broncos,Indianapolis Colts,Denver Broncos,Player Touchdowns,Drew Ogletree,NA,NA,0.5,21,Neds
Indianapolis Colts v Denver Broncos,Indianapolis Colts,Denver Broncos,Player Touchdowns,Evan Engram,Denver Broncos,Indianapolis Colts,0.5,3.4,Neds
Indianapolis Colts v Denver Broncos,Indianapolis Colts,Denver Broncos,Player Touchdowns,Colts DST,NA,NA,0.5,9,Neds
Minnesota Vikings v Atlanta Falcons,Minnesota Vikings,Atlanta Falcons,Player Touchdowns,Darnell Mooney,Atlanta Falcons,Minnesota Vikings,0.5,3.05,Neds
Minnesota Vikings v Atlanta Falcons,Minnesota Vikings,Atlanta Falcons,Player Touchdowns,Jalen Nailor,Minnesota Vikings,Atlanta Falcons,0.5,4.5,Neds
Minnesota Vikings v Atlanta Falcons,Minnesota Vikings,Atlanta Falcons,Player Touchdowns,Tai Felton,Minnesota Vikings,Atlanta Falcons,0.5,10.5,Neds
Minnesota Vikings v Atlanta Falcons,Minnesota Vikings,Atlanta Falcons,Player Touchdowns,Josh Oliver,Minnesota Vikings,Atlanta Falcons,0.5,7.25,Neds
Minnesota Vikings v Atlanta Falcons,Minnesota Vikings,Atlanta Falcons,Player Touchdowns,Ty Chandler,Minnesota Vikings,Atlanta Falcons,0.5,9.5,Neds
Minnesota Vikings v Atlanta Falcons,Minnesota Vikings,Atlanta Falcons,Player Touchdowns,Bijan Robinson,Atlanta Falcons,Minnesota Vikings,0.5,1.62,Neds
Minnesota Vikings v Atlanta Falcons,Minnesota Vikings,Atlanta Falcons,Player Touchdowns,Kyle Pitts,Atlanta Falcons,Minnesota Vikings,0.5,3.9,Neds
Minnesota Vikings v Atlanta Falcons,Minnesota Vikings,Atlanta Falcons,Player Touchdowns,Vikings DST,NA,NA,0.5,8.5,Neds
Minnesota Vikings v Atlanta Falcons,Minnesota Vikings,Atlanta Falcons,Player Touchdowns,Ray-Ray McCloud,Atlanta Falcons,Minnesota Vikings,0.5,4.5,Neds
Minnesota Vikings v Atlanta Falcons,Minnesota Vikings,Atlanta Falcons,Player Touchdowns,Teagan Quitoriano,Atlanta Falcons,Minnesota Vikings,0.5,21,Neds
Minnesota Vikings v Atlanta Falcons,Minnesota Vikings,Atlanta Falcons,Player Touchdowns,Michael Penix,NA,NA,0.5,9.5,Neds
Minnesota Vikings v Atlanta Falcons,Minnesota Vikings,Atlanta Falcons,Player Touchdowns,Falcons DST,NA,NA,0.5,8.75,Neds
Minnesota Vikings v Atlanta Falcons,Minnesota Vikings,Atlanta Falcons,Player Touchdowns,J.J. McCarthy,Minnesota Vikings,Atlanta Falcons,0.5,4.5,Neds
Minnesota Vikings v Atlanta Falcons,Minnesota Vikings,Atlanta Falcons,Player Touchdowns,Drake London,Atlanta Falcons,Minnesota Vikings,0.5,2.55,Neds
Minnesota Vikings v Atlanta Falcons,Minnesota Vikings,Atlanta Falcons,Player Touchdowns,KhaDarel Hodge,Atlanta Falcons,Minnesota Vikings,0.5,10.5,Neds
Minnesota Vikings v Atlanta Falcons,Minnesota Vikings,Atlanta Falcons,Player Touchdowns,Charlie Woerner,Atlanta Falcons,Minnesota Vikings,0.5,11.5,Neds
Minnesota Vikings v Atlanta Falcons,Minnesota Vikings,Atlanta Falcons,Player Touchdowns,Aaron Jones,Minnesota Vikings,Atlanta Falcons,0.5,2.55,Neds
Minnesota Vikings v Atlanta Falcons,Minnesota Vikings,Atlanta Falcons,Player Touchdowns,Myles Price,Minnesota Vikings,Atlanta Falcons,0.5,13,Neds
Minnesota Vikings v Atlanta Falcons,Minnesota Vikings,Atlanta Falcons,Player Touchdowns,Adam Thielen,Minnesota Vikings,Atlanta Falcons,0.5,4.5,Neds
Minnesota Vikings v Atlanta Falcons,Minnesota Vikings,Atlanta Falcons,Player Touchdowns,Justin Jefferson,Minnesota Vikings,Atlanta Falcons,0.5,1.98,Neds
Minnesota Vikings v Atlanta Falcons,Minnesota Vikings,Atlanta Falcons,Player Touchdowns,Tyler Allgeier,Atlanta Falcons,Minnesota Vikings,0.5,3.9,Neds
Minnesota Vikings v Atlanta Falcons,Minnesota Vikings,Atlanta Falcons,Player Touchdowns,Jordan Mason,Minnesota Vikings,Atlanta Falcons,0.5,1.98,Neds
Minnesota Vikings v Atlanta Falcons,Minnesota Vikings,Atlanta Falcons,Player Touchdowns,T.J. Hockenson,Minnesota Vikings,Atlanta Falcons,0.5,3.05,Neds
Tennessee Titans v Los Angeles Rams,Tennessee Titans,Los Angeles Rams,Player Touchdowns,Davante Adams,Los Angeles Rams,Tennessee Titans,0.5,2.35,Neds
Tennessee Titans v Los Angeles Rams,Tennessee Titans,Los Angeles Rams,Player Touchdowns,Xavier Smith,Los Angeles Rams,Tennessee Titans,0.5,21,Neds
Tennessee Titans v Los Angeles Rams,Tennessee Titans,Los Angeles Rams,Player Touchdowns,Matthew Stafford,Los Angeles Rams,Tennessee Titans,0.5,17,Neds
Tennessee Titans v Los Angeles Rams,Tennessee Titans,Los Angeles Rams,Player Touchdowns,Cam Ward,Tennessee Titans,Los Angeles Rams,0.5,7.25,Neds
Tennessee Titans v Los Angeles Rams,Tennessee Titans,Los Angeles Rams,Player Touchdowns,Puka Nacua,Los Angeles Rams,Tennessee Titans,0.5,2.1,Neds
Tennessee Titans v Los Angeles Rams,Tennessee Titans,Los Angeles Rams,Player Touchdowns,David Martin-Robinson,Tennessee Titans,Los Angeles Rams,0.5,17,Neds
Tennessee Titans v Los Angeles Rams,Tennessee Titans,Los Angeles Rams,Player Touchdowns,Rams DST,NA,NA,0.5,8.5,Neds
Tennessee Titans v Los Angeles Rams,Tennessee Titans,Los Angeles Rams,Player Touchdowns,Van Jefferson,Tennessee Titans,Los Angeles Rams,0.5,17,Neds
Tennessee Titans v Los Angeles Rams,Tennessee Titans,Los Angeles Rams,Player Touchdowns,Gunnar Helm,Tennessee Titans,Los Angeles Rams,0.5,13,Neds
Tennessee Titans v Los Angeles Rams,Tennessee Titans,Los Angeles Rams,Player Touchdowns,Terrance Ferguson,Los Angeles Rams,Tennessee Titans,0.5,15,Neds
Tennessee Titans v Los Angeles Rams,Tennessee Titans,Los Angeles Rams,Player Touchdowns,Tutu Atwell,Los Angeles Rams,Tennessee Titans,0.5,5.5,Neds
Tennessee Titans v Los Angeles Rams,Tennessee Titans,Los Angeles Rams,Player Touchdowns,Chig Okonkwo,Tennessee Titans,Los Angeles Rams,0.5,4.5,Neds
Tennessee Titans v Los Angeles Rams,Tennessee Titans,Los Angeles Rams,Player Touchdowns,Kalel Mullings,Tennessee Titans,Los Angeles Rams,0.5,9.5,Neds
Tennessee Titans v Los Angeles Rams,Tennessee Titans,Los Angeles Rams,Player Touchdowns,Kyren Williams,Los Angeles Rams,Tennessee Titans,0.5,1.53,Neds
Tennessee Titans v Los Angeles Rams,Tennessee Titans,Los Angeles Rams,Player Touchdowns,Bryce Oliver,Tennessee Titans,Los Angeles Rams,0.5,15,Neds
Tennessee Titans v Los Angeles Rams,Tennessee Titans,Los Angeles Rams,Player Touchdowns,Tony Pollard,Tennessee Titans,Los Angeles Rams,0.5,1.6800000000000002,Neds
Tennessee Titans v Los Angeles Rams,Tennessee Titans,Los Angeles Rams,Player Touchdowns,Chimere Dike,Tennessee Titans,Los Angeles Rams,0.5,15,Neds
Tennessee Titans v Los Angeles Rams,Tennessee Titans,Los Angeles Rams,Player Touchdowns,Tyler Higbee,Los Angeles Rams,Tennessee Titans,0.5,4.5,Neds
Tennessee Titans v Los Angeles Rams,Tennessee Titans,Los Angeles Rams,Player Touchdowns,Titans DST,NA,NA,0.5,9.5,Neds
Tennessee Titans v Los Angeles Rams,Tennessee Titans,Los Angeles Rams,Player Touchdowns,Jordan Whittington,Los Angeles Rams,Tennessee Titans,0.5,8.75,Neds
Tennessee Titans v Los Angeles Rams,Tennessee Titans,Los Angeles Rams,Player Touchdowns,Tyler Lockett,Tennessee Titans,Los Angeles Rams,0.5,8.25,Neds
Tennessee Titans v Los Angeles Rams,Tennessee Titans,Los Angeles Rams,Player Touchdowns,Blake Corum,Los Angeles Rams,Tennessee Titans,0.5,5.5,Neds
Tennessee Titans v Los Angeles Rams,Tennessee Titans,Los Angeles Rams,Player Touchdowns,Davis Allen,Los Angeles Rams,Tennessee Titans,0.5,8.25,Neds
Tennessee Titans v Los Angeles Rams,Tennessee Titans,Los Angeles Rams,Player Touchdowns,Elic Ayomanor,Tennessee Titans,Los Angeles Rams,0.5,4.5,Neds
Tennessee Titans v Los Angeles Rams,Tennessee Titans,Los Angeles Rams,Player Touchdowns,Julius Chestnut,Tennessee Titans,Los Angeles Rams,0.5,8.75,Neds
Tennessee Titans v Los Angeles Rams,Tennessee Titans,Los Angeles Rams,Player Touchdowns,Calvin Ridley,Tennessee Titans,Los Angeles Rams,0.5,3.4,Neds
Dallas Cowboys v New York Giants,Dallas Cowboys,New York Giants,Player Touchdowns,Miles Sanders,Dallas Cowboys,New York Giants,0.5,5.5,Neds
Dallas Cowboys v New York Giants,Dallas Cowboys,New York Giants,Player Touchdowns,Daniel Bellinger,New York Giants,Dallas Cowboys,0.5,13,Neds
Dallas Cowboys v New York Giants,Dallas Cowboys,New York Giants,Player Touchdowns,KaVontae Turpin,Dallas Cowboys,New York Giants,0.5,4.5,Neds
Dallas Cowboys v New York Giants,Dallas Cowboys,New York Giants,Player Touchdowns,Tyrone Tracy,NA,NA,0.5,2.35,Neds
Dallas Cowboys v New York Giants,Dallas Cowboys,New York Giants,Player Touchdowns,Luke Schoonmaker,Dallas Cowboys,New York Giants,0.5,13,Neds
Dallas Cowboys v New York Giants,Dallas Cowboys,New York Giants,Player Touchdowns,Jaydon Blue,Dallas Cowboys,New York Giants,0.5,5.5,Neds
Dallas Cowboys v New York Giants,Dallas Cowboys,New York Giants,Player Touchdowns,Gunner Olszewski,New York Giants,Dallas Cowboys,0.5,21,Neds
Dallas Cowboys v New York Giants,Dallas Cowboys,New York Giants,Player Touchdowns,Jalin Hyatt,New York Giants,Dallas Cowboys,0.5,15,Neds
Dallas Cowboys v New York Giants,Dallas Cowboys,New York Giants,Player Touchdowns,Jalen Tolbert,Dallas Cowboys,New York Giants,0.5,5.5,Neds
Dallas Cowboys v New York Giants,Dallas Cowboys,New York Giants,Player Touchdowns,Javonte Williams,Dallas Cowboys,New York Giants,0.5,1.75,Neds
Dallas Cowboys v New York Giants,Dallas Cowboys,New York Giants,Player Touchdowns,Theo Johnson,New York Giants,Dallas Cowboys,0.5,4.5,Neds
Dallas Cowboys v New York Giants,Dallas Cowboys,New York Giants,Player Touchdowns,Dak Prescott,Dallas Cowboys,New York Giants,0.5,7.75,Neds
Dallas Cowboys v New York Giants,Dallas Cowboys,New York Giants,Player Touchdowns,Malik Nabers,New York Giants,Dallas Cowboys,0.5,2.2,Neds
Dallas Cowboys v New York Giants,Dallas Cowboys,New York Giants,Player Touchdowns,Russell Wilson,New York Giants,Dallas Cowboys,0.5,5.5,Neds
Dallas Cowboys v New York Giants,Dallas Cowboys,New York Giants,Player Touchdowns,Brevyn Spann-Ford,Dallas Cowboys,New York Giants,0.5,17,Neds
Dallas Cowboys v New York Giants,Dallas Cowboys,New York Giants,Player Touchdowns,Beaux Collins,New York Giants,Dallas Cowboys,0.5,15,Neds
Dallas Cowboys v New York Giants,Dallas Cowboys,New York Giants,Player Touchdowns,CeeDee Lamb,Dallas Cowboys,New York Giants,0.5,1.9,Neds
Dallas Cowboys v New York Giants,Dallas Cowboys,New York Giants,Player Touchdowns,Cam Skattebo,New York Giants,Dallas Cowboys,0.5,3.9,Neds
Dallas Cowboys v New York Giants,Dallas Cowboys,New York Giants,Player Touchdowns,Chris Manhertz,New York Giants,Dallas Cowboys,0.5,21,Neds
Dallas Cowboys v New York Giants,Dallas Cowboys,New York Giants,Player Touchdowns,Giants DST,NA,NA,0.5,9,Neds
Dallas Cowboys v New York Giants,Dallas Cowboys,New York Giants,Player Touchdowns,Hunter Luepke,Dallas Cowboys,New York Giants,0.5,15,Neds
Dallas Cowboys v New York Giants,Dallas Cowboys,New York Giants,Player Touchdowns,Cowboys DST,NA,NA,0.5,9.5,Neds
Dallas Cowboys v New York Giants,Dallas Cowboys,New York Giants,Player Touchdowns,Jake Ferguson,Dallas Cowboys,New York Giants,0.5,3.05,Neds
Dallas Cowboys v New York Giants,Dallas Cowboys,New York Giants,Player Touchdowns,George Pickens,Dallas Cowboys,New York Giants,0.5,2.55,Neds
Dallas Cowboys v New York Giants,Dallas Cowboys,New York Giants,Player Touchdowns,Devin Singletary,New York Giants,Dallas Cowboys,0.5,5.5,Neds
Dallas Cowboys v New York Giants,Dallas Cowboys,New York Giants,Player Touchdowns,Wan'Dale Robinson,New York Giants,Dallas Cowboys,0.5,4.5,Neds
Dallas Cowboys v New York Giants,Dallas Cowboys,New York Giants,Player Touchdowns,Darius Slayton,New York Giants,Dallas Cowboys,0.5,4.5,Neds
Houston Texans v Tampa Bay Buccaneers,Houston Texans,Tampa Bay Buccaneers,Player Touchdowns,Harrison Bryant,Houston Texans,Tampa Bay Buccaneers,0.5,11.5,Neds
Houston Texans v Tampa Bay Buccaneers,Houston Texans,Tampa Bay Buccaneers,Player Touchdowns,Bucky Irving,Tampa Bay Buccaneers,Houston Texans,0.5,1.9,Neds
Houston Texans v Tampa Bay Buccaneers,Houston Texans,Tampa Bay Buccaneers,Player Touchdowns,Xavier Hutchinson,Houston Texans,Tampa Bay Buccaneers,0.5,4.5,Neds
Houston Texans v Tampa Bay Buccaneers,Houston Texans,Tampa Bay Buccaneers,Player Touchdowns,Ryan Miller,Tampa Bay Buccaneers,Houston Texans,0.5,21,Neds
Houston Texans v Tampa Bay Buccaneers,Houston Texans,Tampa Bay Buccaneers,Player Touchdowns,Sean Tucker,Tampa Bay Buccaneers,Houston Texans,0.5,15,Neds
Houston Texans v Tampa Bay Buccaneers,Houston Texans,Tampa Bay Buccaneers,Player Touchdowns,Rachaad White,Tampa Bay Buccaneers,Houston Texans,0.5,5.5,Neds
Houston Texans v Tampa Bay Buccaneers,Houston Texans,Tampa Bay Buccaneers,Player Touchdowns,Buccaneers DST,NA,NA,0.5,9.5,Neds
Houston Texans v Tampa Bay Buccaneers,Houston Texans,Tampa Bay Buccaneers,Player Touchdowns,Nick Chubb,Houston Texans,Tampa Bay Buccaneers,0.5,2.1,Neds
Houston Texans v Tampa Bay Buccaneers,Houston Texans,Tampa Bay Buccaneers,Player Touchdowns,Texans DST,NA,NA,0.5,8.5,Neds
Houston Texans v Tampa Bay Buccaneers,Houston Texans,Tampa Bay Buccaneers,Player Touchdowns,Tez Johnson,Tampa Bay Buccaneers,Houston Texans,0.5,15,Neds
Houston Texans v Tampa Bay Buccaneers,Houston Texans,Tampa Bay Buccaneers,Player Touchdowns,Ko Kieft,Tampa Bay Buccaneers,Houston Texans,0.5,21,Neds
Houston Texans v Tampa Bay Buccaneers,Houston Texans,Tampa Bay Buccaneers,Player Touchdowns,Mike Evans,Tampa Bay Buccaneers,Houston Texans,0.5,2.35,Neds
Houston Texans v Tampa Bay Buccaneers,Houston Texans,Tampa Bay Buccaneers,Player Touchdowns,Woody Marks,Houston Texans,Tampa Bay Buccaneers,0.5,7.75,Neds
Houston Texans v Tampa Bay Buccaneers,Houston Texans,Tampa Bay Buccaneers,Player Touchdowns,Payne Durham,Tampa Bay Buccaneers,Houston Texans,0.5,17,Neds
Houston Texans v Tampa Bay Buccaneers,Houston Texans,Tampa Bay Buccaneers,Player Touchdowns,Baker Mayfield,Tampa Bay Buccaneers,Houston Texans,0.5,7.75,Neds
Houston Texans v Tampa Bay Buccaneers,Houston Texans,Tampa Bay Buccaneers,Player Touchdowns,Justin Watson,Houston Texans,Tampa Bay Buccaneers,0.5,7.75,Neds
Houston Texans v Tampa Bay Buccaneers,Houston Texans,Tampa Bay Buccaneers,Player Touchdowns,Dare Ogunbowale,Houston Texans,Tampa Bay Buccaneers,0.5,7.25,Neds
Houston Texans v Tampa Bay Buccaneers,Houston Texans,Tampa Bay Buccaneers,Player Touchdowns,Dameon Pierce,Houston Texans,Tampa Bay Buccaneers,0.5,5.5,Neds
Houston Texans v Tampa Bay Buccaneers,Houston Texans,Tampa Bay Buccaneers,Player Touchdowns,Jayden Higgins,Houston Texans,Tampa Bay Buccaneers,0.5,4.5,Neds
Houston Texans v Tampa Bay Buccaneers,Houston Texans,Tampa Bay Buccaneers,Player Touchdowns,C.J. Stroud,Houston Texans,Tampa Bay Buccaneers,0.5,5.5,Neds
Houston Texans v Tampa Bay Buccaneers,Houston Texans,Tampa Bay Buccaneers,Player Touchdowns,Cade Otton,Tampa Bay Buccaneers,Houston Texans,0.5,4.5,Neds
Houston Texans v Tampa Bay Buccaneers,Houston Texans,Tampa Bay Buccaneers,Player Touchdowns,Jaylin Noel,Houston Texans,Tampa Bay Buccaneers,0.5,7.25,Neds
Houston Texans v Tampa Bay Buccaneers,Houston Texans,Tampa Bay Buccaneers,Player Touchdowns,Sterling Shepard,Tampa Bay Buccaneers,Houston Texans,0.5,4.5,Neds
Houston Texans v Tampa Bay Buccaneers,Houston Texans,Tampa Bay Buccaneers,Player Touchdowns,Nico Collins,Houston Texans,Tampa Bay Buccaneers,0.5,2.2,Neds
Houston Texans v Tampa Bay Buccaneers,Houston Texans,Tampa Bay Buccaneers,Player Touchdowns,Emeka Egbuka,Tampa Bay Buccaneers,Houston Texans,0.5,2.55,Neds
Houston Texans v Tampa Bay Buccaneers,Houston Texans,Tampa Bay Buccaneers,Player Touchdowns,Dalton Schultz,Houston Texans,Tampa Bay Buccaneers,0.5,3.05,Neds
Pittsburgh Steelers v Seattle Seahawks,Pittsburgh Steelers,Seattle Seahawks,Player Touchdowns,George Holani,Seattle Seahawks,Pittsburgh Steelers,0.5,15,Neds
Pittsburgh Steelers v Seattle Seahawks,Pittsburgh Steelers,Seattle Seahawks,Player Touchdowns,AJ Barner,Seattle Seahawks,Pittsburgh Steelers,0.5,4.5,Neds
Pittsburgh Steelers v Seattle Seahawks,Pittsburgh Steelers,Seattle Seahawks,Player Touchdowns,Tory Horton,Seattle Seahawks,Pittsburgh Steelers,0.5,5.5,Neds
Pittsburgh Steelers v Seattle Seahawks,Pittsburgh Steelers,Seattle Seahawks,Player Touchdowns,Kenneth Walker III,Seattle Seahawks,Pittsburgh Steelers,0.5,2.55,Neds
Pittsburgh Steelers v Seattle Seahawks,Pittsburgh Steelers,Seattle Seahawks,Player Touchdowns,Kenneth Gainwell,Pittsburgh Steelers,Seattle Seahawks,0.5,3.4,Neds
Pittsburgh Steelers v Seattle Seahawks,Pittsburgh Steelers,Seattle Seahawks,Player Touchdowns,Cooper Kupp,Seattle Seahawks,Pittsburgh Steelers,0.5,3.9,Neds
Pittsburgh Steelers v Seattle Seahawks,Pittsburgh Steelers,Seattle Seahawks,Player Touchdowns,Robbie Ouzts,Seattle Seahawks,Pittsburgh Steelers,0.5,21,Neds
Pittsburgh Steelers v Seattle Seahawks,Pittsburgh Steelers,Seattle Seahawks,Player Touchdowns,Jaxon Smith-Njigba,Seattle Seahawks,Pittsburgh Steelers,0.5,2.55,Neds
Pittsburgh Steelers v Seattle Seahawks,Pittsburgh Steelers,Seattle Seahawks,Player Touchdowns,Scotty Miller,NA,NA,0.5,10.5,Neds
Pittsburgh Steelers v Seattle Seahawks,Pittsburgh Steelers,Seattle Seahawks,Player Touchdowns,Darnell Washington,Pittsburgh Steelers,Seattle Seahawks,0.5,13,Neds
Pittsburgh Steelers v Seattle Seahawks,Pittsburgh Steelers,Seattle Seahawks,Player Touchdowns,Ben Skowronek,Pittsburgh Steelers,Seattle Seahawks,0.5,9.5,Neds
Pittsburgh Steelers v Seattle Seahawks,Pittsburgh Steelers,Seattle Seahawks,Player Touchdowns,Kaleb Johnson,Pittsburgh Steelers,Seattle Seahawks,0.5,10.5,Neds
Pittsburgh Steelers v Seattle Seahawks,Pittsburgh Steelers,Seattle Seahawks,Player Touchdowns,Pat Freiermuth,Pittsburgh Steelers,Seattle Seahawks,0.5,4.5,Neds
Pittsburgh Steelers v Seattle Seahawks,Pittsburgh Steelers,Seattle Seahawks,Player Touchdowns,Seahawks DST,NA,NA,0.5,10.5,Neds
Pittsburgh Steelers v Seattle Seahawks,Pittsburgh Steelers,Seattle Seahawks,Player Touchdowns,Elijah Arroyo,Seattle Seahawks,Pittsburgh Steelers,0.5,8.25,Neds
Pittsburgh Steelers v Seattle Seahawks,Pittsburgh Steelers,Seattle Seahawks,Player Touchdowns,Sam Darnold,Seattle Seahawks,Pittsburgh Steelers,0.5,9.5,Neds
Pittsburgh Steelers v Seattle Seahawks,Pittsburgh Steelers,Seattle Seahawks,Player Touchdowns,Calvin Austin,NA,NA,0.5,3.4,Neds
Pittsburgh Steelers v Seattle Seahawks,Pittsburgh Steelers,Seattle Seahawks,Player Touchdowns,Jonnu Smith,Pittsburgh Steelers,Seattle Seahawks,0.5,3.9,Neds
Pittsburgh Steelers v Seattle Seahawks,Pittsburgh Steelers,Seattle Seahawks,Player Touchdowns,DK Metcalf,Pittsburgh Steelers,Seattle Seahawks,0.5,2.35,Neds
Pittsburgh Steelers v Seattle Seahawks,Pittsburgh Steelers,Seattle Seahawks,Player Touchdowns,Roman Wilson,Pittsburgh Steelers,Seattle Seahawks,0.5,9.5,Neds
Pittsburgh Steelers v Seattle Seahawks,Pittsburgh Steelers,Seattle Seahawks,Player Touchdowns,Steelers DST,NA,NA,0.5,8.75,Neds
Pittsburgh Steelers v Seattle Seahawks,Pittsburgh Steelers,Seattle Seahawks,Player Touchdowns,Zach Charbonnet,Seattle Seahawks,Pittsburgh Steelers,0.5,2.75,Neds
Pittsburgh Steelers v Seattle Seahawks,Pittsburgh Steelers,Seattle Seahawks,Player Touchdowns,Eric Saubert,Seattle Seahawks,Pittsburgh Steelers,0.5,17,Neds
Pittsburgh Steelers v Seattle Seahawks,Pittsburgh Steelers,Seattle Seahawks,Player Touchdowns,Jaylen Warren,Pittsburgh Steelers,Seattle Seahawks,0.5,2.1,Neds
Pittsburgh Steelers v Seattle Seahawks,Pittsburgh Steelers,Seattle Seahawks,Player Touchdowns,Jake Bobo,Seattle Seahawks,Pittsburgh Steelers,0.5,5.5,Neds
Pittsburgh Steelers v Seattle Seahawks,Pittsburgh Steelers,Seattle Seahawks,Player Touchdowns,Aaron Rodgers,Pittsburgh Steelers,Seattle Seahawks,0.5,15,Neds
Pittsburgh Steelers v Seattle Seahawks,Pittsburgh Steelers,Seattle Seahawks,Player Touchdowns,Connor Heyward,Pittsburgh Steelers,Seattle Seahawks,0.5,15,Neds
Pittsburgh Steelers v Seattle Seahawks,Pittsburgh Steelers,Seattle Seahawks,Player Touchdowns,Dareke Young,Seattle Seahawks,Pittsburgh Steelers,0.5,15,Neds
Detroit Lions v Chicago Bears,Detroit Lions,Chicago Bears,Player Touchdowns,Shane Zylstra,Detroit Lions,Chicago Bears,0.5,21,Neds
Detroit Lions v Chicago Bears,Detroit Lions,Chicago Bears,Player Touchdowns,Craig Reynolds,Detroit Lions,Chicago Bears,0.5,21,Neds
Detroit Lions v Chicago Bears,Detroit Lions,Chicago Bears,Player Touchdowns,Kyle Monangai,Chicago Bears,Detroit Lions,0.5,4.5,Neds
Detroit Lions v Chicago Bears,Detroit Lions,Chicago Bears,Player Touchdowns,Dominic Lovett,Detroit Lions,Chicago Bears,0.5,21,Neds
Detroit Lions v Chicago Bears,Detroit Lions,Chicago Bears,Player Touchdowns,Sam LaPorta,Detroit Lions,Chicago Bears,0.5,2.75,Neds
Detroit Lions v Chicago Bears,Detroit Lions,Chicago Bears,Player Touchdowns,D'Andre Swift,Chicago Bears,Detroit Lions,0.5,2.35,Neds
Detroit Lions v Chicago Bears,Detroit Lions,Chicago Bears,Player Touchdowns,Amon-Ra St. Brown,Detroit Lions,Chicago Bears,0.5,2.2,Neds
Detroit Lions v Chicago Bears,Detroit Lions,Chicago Bears,Player Touchdowns,Jameson Williams,Detroit Lions,Chicago Bears,0.5,3.05,Neds
Detroit Lions v Chicago Bears,Detroit Lions,Chicago Bears,Player Touchdowns,Cole Kmet,Chicago Bears,Detroit Lions,0.5,5.5,Neds
Detroit Lions v Chicago Bears,Detroit Lions,Chicago Bears,Player Touchdowns,Caleb Williams,Chicago Bears,Detroit Lions,0.5,5.5,Neds
Detroit Lions v Chicago Bears,Detroit Lions,Chicago Bears,Player Touchdowns,Jared Goff,Detroit Lions,Chicago Bears,0.5,15,Neds
Detroit Lions v Chicago Bears,Detroit Lions,Chicago Bears,Player Touchdowns,Kalif Raymond,Detroit Lions,Chicago Bears,0.5,5.5,Neds
Detroit Lions v Chicago Bears,Detroit Lions,Chicago Bears,Player Touchdowns,Olamide Zaccheaus,Chicago Bears,Detroit Lions,0.5,4.5,Neds
Detroit Lions v Chicago Bears,Detroit Lions,Chicago Bears,Player Touchdowns,Jahmyr Gibbs,Detroit Lions,Chicago Bears,0.5,1.53,Neds
Detroit Lions v Chicago Bears,Detroit Lions,Chicago Bears,Player Touchdowns,Colston Loveland,Chicago Bears,Detroit Lions,0.5,5.5,Neds
Detroit Lions v Chicago Bears,Detroit Lions,Chicago Bears,Player Touchdowns,Devin Duvernay,Chicago Bears,Detroit Lions,0.5,21,Neds
Detroit Lions v Chicago Bears,Detroit Lions,Chicago Bears,Player Touchdowns,DJ Moore,Chicago Bears,Detroit Lions,0.5,2.75,Neds
Detroit Lions v Chicago Bears,Detroit Lions,Chicago Bears,Player Touchdowns,Rome Odunze,Chicago Bears,Detroit Lions,0.5,3.05,Neds
Detroit Lions v Chicago Bears,Detroit Lions,Chicago Bears,Player Touchdowns,Roschon Johnson,Chicago Bears,Detroit Lions,0.5,4.5,Neds
Detroit Lions v Chicago Bears,Detroit Lions,Chicago Bears,Player Touchdowns,David Montgomery,Detroit Lions,Chicago Bears,0.5,1.9,Neds
Detroit Lions v Chicago Bears,Detroit Lions,Chicago Bears,Player Touchdowns,Brock Wright,Detroit Lions,Chicago Bears,0.5,13,Neds
Detroit Lions v Chicago Bears,Detroit Lions,Chicago Bears,Player Touchdowns,Bears DST,NA,NA,0.5,9,Neds
Detroit Lions v Chicago Bears,Detroit Lions,Chicago Bears,Player Touchdowns,Luther Burden,NA,NA,0.5,9.5,Neds
Detroit Lions v Chicago Bears,Detroit Lions,Chicago Bears,Player Touchdowns,Lions DST,NA,NA,0.5,9.5,Neds
Detroit Lions v Chicago Bears,Detroit Lions,Chicago Bears,Player Touchdowns,Isaac TeSlaa,Detroit Lions,Chicago Bears,0.5,5.5,Neds
Baltimore Ravens v Cleveland Browns,Baltimore Ravens,Cleveland Browns,Player Touchdowns,Mark Andrews,Baltimore Ravens,Cleveland Browns,0.5,2.55,Neds
Baltimore Ravens v Cleveland Browns,Baltimore Ravens,Cleveland Browns,Player Touchdowns,David Njoku,Cleveland Browns,Baltimore Ravens,0.5,3.4,Neds
Baltimore Ravens v Cleveland Browns,Baltimore Ravens,Cleveland Browns,Player Touchdowns,Jamari Thrash,Cleveland Browns,Baltimore Ravens,0.5,8.75,Neds
Baltimore Ravens v Cleveland Browns,Baltimore Ravens,Cleveland Browns,Player Touchdowns,DeAndre Hopkins,Baltimore Ravens,Cleveland Browns,0.5,4.5,Neds
Baltimore Ravens v Cleveland Browns,Baltimore Ravens,Cleveland Browns,Player Touchdowns,Ravens DST,NA,NA,0.5,6.8,Neds
Baltimore Ravens v Cleveland Browns,Baltimore Ravens,Cleveland Browns,Player Touchdowns,Keaton Mitchell,Baltimore Ravens,Cleveland Browns,0.5,5.5,Neds
Baltimore Ravens v Cleveland Browns,Baltimore Ravens,Cleveland Browns,Player Touchdowns,Rashod Bateman,Baltimore Ravens,Cleveland Browns,0.5,3.05,Neds
Baltimore Ravens v Cleveland Browns,Baltimore Ravens,Cleveland Browns,Player Touchdowns,Harold Fannin,NA,NA,0.5,3.9,Neds
Baltimore Ravens v Cleveland Browns,Baltimore Ravens,Cleveland Browns,Player Touchdowns,Cedric Tillman,Cleveland Browns,Baltimore Ravens,0.5,3.9,Neds
Baltimore Ravens v Cleveland Browns,Baltimore Ravens,Cleveland Browns,Player Touchdowns,Raheim Sanders,Cleveland Browns,Baltimore Ravens,0.5,13,Neds
Baltimore Ravens v Cleveland Browns,Baltimore Ravens,Cleveland Browns,Player Touchdowns,DeAndre Carter,Cleveland Browns,Baltimore Ravens,0.5,13,Neds
Baltimore Ravens v Cleveland Browns,Baltimore Ravens,Cleveland Browns,Player Touchdowns,Isaiah Bond,Cleveland Browns,Baltimore Ravens,0.5,10.5,Neds
Baltimore Ravens v Cleveland Browns,Baltimore Ravens,Cleveland Browns,Player Touchdowns,Jerome Ford,Cleveland Browns,Baltimore Ravens,0.5,3.9,Neds
Baltimore Ravens v Cleveland Browns,Baltimore Ravens,Cleveland Browns,Player Touchdowns,Browns DST,NA,NA,0.5,11.5,Neds
Baltimore Ravens v Cleveland Browns,Baltimore Ravens,Cleveland Browns,Player Touchdowns,Charlie Kolar,Baltimore Ravens,Cleveland Browns,0.5,5.5,Neds
Baltimore Ravens v Cleveland Browns,Baltimore Ravens,Cleveland Browns,Player Touchdowns,Jerry Jeudy,Cleveland Browns,Baltimore Ravens,0.5,3.4,Neds
Baltimore Ravens v Cleveland Browns,Baltimore Ravens,Cleveland Browns,Player Touchdowns,Tylan Wallace,Baltimore Ravens,Cleveland Browns,0.5,13,Neds
Baltimore Ravens v Cleveland Browns,Baltimore Ravens,Cleveland Browns,Player Touchdowns,Blake Whiteheart,Cleveland Browns,Baltimore Ravens,0.5,21,Neds
Baltimore Ravens v Cleveland Browns,Baltimore Ravens,Cleveland Browns,Player Touchdowns,Derrick Henry,Baltimore Ravens,Cleveland Browns,0.5,1.5,Neds
Baltimore Ravens v Cleveland Browns,Baltimore Ravens,Cleveland Browns,Player Touchdowns,Justice Hill,Baltimore Ravens,Cleveland Browns,0.5,4.5,Neds
Baltimore Ravens v Cleveland Browns,Baltimore Ravens,Cleveland Browns,Player Touchdowns,Zay Flowers,Baltimore Ravens,Cleveland Browns,0.5,2.2,Neds
Baltimore Ravens v Cleveland Browns,Baltimore Ravens,Cleveland Browns,Player Touchdowns,Quinshon Judkins,Cleveland Browns,Baltimore Ravens,0.5,4.5,Neds
Baltimore Ravens v Cleveland Browns,Baltimore Ravens,Cleveland Browns,Player Touchdowns,Quinshon Judkins,Cleveland Browns,Baltimore Ravens,0.5,4.5,Neds
Baltimore Ravens v Cleveland Browns,Baltimore Ravens,Cleveland Browns,Player Touchdowns,Devontez Walker,Baltimore Ravens,Cleveland Browns,0.5,13,Neds
Baltimore Ravens v Cleveland Browns,Baltimore Ravens,Cleveland Browns,Player Touchdowns,Rasheen Ali,Baltimore Ravens,Cleveland Browns,0.5,13,Neds
Baltimore Ravens v Cleveland Browns,Baltimore Ravens,Cleveland Browns,Player Touchdowns,Dylan Sampson,Cleveland Browns,Baltimore Ravens,0.5,3.05,Neds
Baltimore Ravens v Cleveland Browns,Baltimore Ravens,Cleveland Browns,Player Touchdowns,Joe Flacco,Cleveland Browns,Baltimore Ravens,0.5,21,Neds
Baltimore Ravens v Cleveland Browns,Baltimore Ravens,Cleveland Browns,Player Touchdowns,Lamar Jackson,Baltimore Ravens,Cleveland Browns,0.5,2.75,Neds
New York Jets v Buffalo Bills,New York Jets,Buffalo Bills,Player Touchdowns,Justin Fields,New York Jets,Buffalo Bills,0.5,2.2,Neds
New York Jets v Buffalo Bills,New York Jets,Buffalo Bills,Player Touchdowns,Bills DST,NA,NA,0.5,9.25,Neds
New York Jets v Buffalo Bills,New York Jets,Buffalo Bills,Player Touchdowns,James Cook,Buffalo Bills,New York Jets,0.5,1.6800000000000002,Neds
New York Jets v Buffalo Bills,New York Jets,Buffalo Bills,Player Touchdowns,Ray Davis,Buffalo Bills,New York Jets,0.5,5.5,Neds
New York Jets v Buffalo Bills,New York Jets,Buffalo Bills,Player Touchdowns,Keon Coleman,Buffalo Bills,New York Jets,0.5,3.05,Neds
New York Jets v Buffalo Bills,New York Jets,Buffalo Bills,Player Touchdowns,Curtis Samuel,Buffalo Bills,New York Jets,0.5,10.5,Neds
New York Jets v Buffalo Bills,New York Jets,Buffalo Bills,Player Touchdowns,Jackson Hawes,Buffalo Bills,New York Jets,0.5,17,Neds
New York Jets v Buffalo Bills,New York Jets,Buffalo Bills,Player Touchdowns,Isaiah Davis,New York Jets,Buffalo Bills,0.5,13,Neds
New York Jets v Buffalo Bills,New York Jets,Buffalo Bills,Player Touchdowns,Joshua Palmer,NA,NA,0.5,3.9,Neds
New York Jets v Buffalo Bills,New York Jets,Buffalo Bills,Player Touchdowns,Breece Hall,New York Jets,Buffalo Bills,0.5,2.2,Neds
New York Jets v Buffalo Bills,New York Jets,Buffalo Bills,Player Touchdowns,Jeremy Ruckert,New York Jets,Buffalo Bills,0.5,5.5,Neds
New York Jets v Buffalo Bills,New York Jets,Buffalo Bills,Player Touchdowns,Arian Smith,New York Jets,Buffalo Bills,0.5,7.25,Neds
New York Jets v Buffalo Bills,New York Jets,Buffalo Bills,Player Touchdowns,Mason Taylor,New York Jets,Buffalo Bills,0.5,5.5,Neds
New York Jets v Buffalo Bills,New York Jets,Buffalo Bills,Player Touchdowns,Ty Johnson,Buffalo Bills,New York Jets,0.5,5.5,Neds
New York Jets v Buffalo Bills,New York Jets,Buffalo Bills,Player Touchdowns,Elijah Moore,Buffalo Bills,New York Jets,0.5,11.5,Neds
New York Jets v Buffalo Bills,New York Jets,Buffalo Bills,Player Touchdowns,Dalton Kincaid,Buffalo Bills,New York Jets,0.5,3.4,Neds
New York Jets v Buffalo Bills,New York Jets,Buffalo Bills,Player Touchdowns,Braelon Allen,New York Jets,Buffalo Bills,0.5,2.75,Neds
New York Jets v Buffalo Bills,New York Jets,Buffalo Bills,Player Touchdowns,Josh Allen,Buffalo Bills,New York Jets,0.5,1.6800000000000002,Neds
New York Jets v Buffalo Bills,New York Jets,Buffalo Bills,Player Touchdowns,Khalil Shakir,Buffalo Bills,New York Jets,0.5,3.05,Neds
New York Jets v Buffalo Bills,New York Jets,Buffalo Bills,Player Touchdowns,Garrett Wilson,New York Jets,Buffalo Bills,0.5,2.75,Neds
New York Jets v Buffalo Bills,New York Jets,Buffalo Bills,Player Touchdowns,Andrew Beck,New York Jets,Buffalo Bills,0.5,21,Neds
New York Jets v Buffalo Bills,New York Jets,Buffalo Bills,Player Touchdowns,Allen Lazard,New York Jets,Buffalo Bills,0.5,5.5,Neds
New York Jets v Buffalo Bills,New York Jets,Buffalo Bills,Player Touchdowns,Reggie Gilliam,Buffalo Bills,New York Jets,0.5,21,Neds
New York Jets v Buffalo Bills,New York Jets,Buffalo Bills,Player Touchdowns,Tyler Johnson,New York Jets,Buffalo Bills,0.5,5.5,Neds
New York Jets v Buffalo Bills,New York Jets,Buffalo Bills,Player Touchdowns,Tyrell Shavers,Buffalo Bills,New York Jets,0.5,13,Neds
New York Jets v Buffalo Bills,New York Jets,Buffalo Bills,Player Touchdowns,Stone Smartt,New York Jets,Buffalo Bills,0.5,17,Neds
New York Jets v Buffalo Bills,New York Jets,Buffalo Bills,Player Touchdowns,Dawson Knox,Buffalo Bills,New York Jets,0.5,5.5,Neds
New York Jets v Buffalo Bills,New York Jets,Buffalo Bills,Player Touchdowns,Jets DST,NA,NA,0.5,8.5,Neds
Cincinnati Bengals v Jacksonville Jaguars,Cincinnati Bengals,Jacksonville Jaguars,Player Touchdowns,Brenton Strange,Jacksonville Jaguars,Cincinnati Bengals,0.5,3.9,Neds
Cincinnati Bengals v Jacksonville Jaguars,Cincinnati Bengals,Jacksonville Jaguars,Player Touchdowns,Mike Gesicki,Cincinnati Bengals,Jacksonville Jaguars,0.5,3.9,Neds
Cincinnati Bengals v Jacksonville Jaguars,Cincinnati Bengals,Jacksonville Jaguars,Player Touchdowns,Andrei Iosivas,Cincinnati Bengals,Jacksonville Jaguars,0.5,4.5,Neds
Cincinnati Bengals v Jacksonville Jaguars,Cincinnati Bengals,Jacksonville Jaguars,Player Touchdowns,Trevor Lawrence,Jacksonville Jaguars,Cincinnati Bengals,0.5,4.5,Neds
Cincinnati Bengals v Jacksonville Jaguars,Cincinnati Bengals,Jacksonville Jaguars,Player Touchdowns,Chase Brown,Cincinnati Bengals,Jacksonville Jaguars,0.5,1.58,Neds
Cincinnati Bengals v Jacksonville Jaguars,Cincinnati Bengals,Jacksonville Jaguars,Player Touchdowns,Tim Patrick,Jacksonville Jaguars,Cincinnati Bengals,0.5,11.5,Neds
Cincinnati Bengals v Jacksonville Jaguars,Cincinnati Bengals,Jacksonville Jaguars,Player Touchdowns,Tee Higgins,Cincinnati Bengals,Jacksonville Jaguars,0.5,2.2,Neds
Cincinnati Bengals v Jacksonville Jaguars,Cincinnati Bengals,Jacksonville Jaguars,Player Touchdowns,Parker Washington,Jacksonville Jaguars,Cincinnati Bengals,0.5,10.5,Neds
Cincinnati Bengals v Jacksonville Jaguars,Cincinnati Bengals,Jacksonville Jaguars,Player Touchdowns,Dyami Brown,Jacksonville Jaguars,Cincinnati Bengals,0.5,4.5,Neds
Cincinnati Bengals v Jacksonville Jaguars,Cincinnati Bengals,Jacksonville Jaguars,Player Touchdowns,Noah Fant,Cincinnati Bengals,Jacksonville Jaguars,0.5,4.5,Neds
Cincinnati Bengals v Jacksonville Jaguars,Cincinnati Bengals,Jacksonville Jaguars,Player Touchdowns,Travis Etienne,Jacksonville Jaguars,Cincinnati Bengals,0.5,2.1,Neds
Cincinnati Bengals v Jacksonville Jaguars,Cincinnati Bengals,Jacksonville Jaguars,Player Touchdowns,Samaje Perine,Cincinnati Bengals,Jacksonville Jaguars,0.5,7.25,Neds
Cincinnati Bengals v Jacksonville Jaguars,Cincinnati Bengals,Jacksonville Jaguars,Player Touchdowns,Bhayshul Tuten,Jacksonville Jaguars,Cincinnati Bengals,0.5,3.4,Neds
Cincinnati Bengals v Jacksonville Jaguars,Cincinnati Bengals,Jacksonville Jaguars,Player Touchdowns,Drew Sample,Cincinnati Bengals,Jacksonville Jaguars,0.5,15,Neds
Cincinnati Bengals v Jacksonville Jaguars,Cincinnati Bengals,Jacksonville Jaguars,Player Touchdowns,Ja'Marr Chase,Cincinnati Bengals,Jacksonville Jaguars,0.5,1.6800000000000002,Neds
Cincinnati Bengals v Jacksonville Jaguars,Cincinnati Bengals,Jacksonville Jaguars,Player Touchdowns,Travis Hunter,Jacksonville Jaguars,Cincinnati Bengals,0.5,3.05,Neds
Cincinnati Bengals v Jacksonville Jaguars,Cincinnati Bengals,Jacksonville Jaguars,Player Touchdowns,Jaguars DST,NA,NA,0.5,10.5,Neds
Cincinnati Bengals v Jacksonville Jaguars,Cincinnati Bengals,Jacksonville Jaguars,Player Touchdowns,Mitchell Tinsley,Cincinnati Bengals,Jacksonville Jaguars,0.5,13,Neds
Cincinnati Bengals v Jacksonville Jaguars,Cincinnati Bengals,Jacksonville Jaguars,Player Touchdowns,Johnny Mundt,Jacksonville Jaguars,Cincinnati Bengals,0.5,13,Neds
Cincinnati Bengals v Jacksonville Jaguars,Cincinnati Bengals,Jacksonville Jaguars,Player Touchdowns,Bengals DST,NA,NA,0.5,8,Neds
Cincinnati Bengals v Jacksonville Jaguars,Cincinnati Bengals,Jacksonville Jaguars,Player Touchdowns,Charlie Jones,Cincinnati Bengals,Jacksonville Jaguars,0.5,21,Neds
Cincinnati Bengals v Jacksonville Jaguars,Cincinnati Bengals,Jacksonville Jaguars,Player Touchdowns,Tahj Brooks,Cincinnati Bengals,Jacksonville Jaguars,0.5,13,Neds
Cincinnati Bengals v Jacksonville Jaguars,Cincinnati Bengals,Jacksonville Jaguars,Player Touchdowns,LeQuint Allen,NA,NA,0.5,7.25,Neds
Cincinnati Bengals v Jacksonville Jaguars,Cincinnati Bengals,Jacksonville Jaguars,Player Touchdowns,Brian Thomas Jr.,Jacksonville Jaguars,Cincinnati Bengals,0.5,2.2,Neds
Cincinnati Bengals v Jacksonville Jaguars,Cincinnati Bengals,Jacksonville Jaguars,Player Touchdowns,Joe Burrow,Cincinnati Bengals,Jacksonville Jaguars,0.5,7.75,Neds
Cincinnati Bengals v Jacksonville Jaguars,Cincinnati Bengals,Jacksonville Jaguars,Player Touchdowns,Hunter Long,Jacksonville Jaguars,Cincinnati Bengals,0.5,11.5,Neds
Arizona Cardinals v Carolina Panthers,Arizona Cardinals,Carolina Panthers,Player Touchdowns,Kyler Murray,Arizona Cardinals,Carolina Panthers,0.5,3.05,Neds
Arizona Cardinals v Carolina Panthers,Arizona Cardinals,Carolina Panthers,Player Touchdowns,Chuba Hubbard,Carolina Panthers,Arizona Cardinals,0.5,1.9,Neds
Arizona Cardinals v Carolina Panthers,Arizona Cardinals,Carolina Panthers,Player Touchdowns,Michael Wilson,Arizona Cardinals,Carolina Panthers,0.5,4.5,Neds
Arizona Cardinals v Carolina Panthers,Arizona Cardinals,Carolina Panthers,Player Touchdowns,Trey Benson,Arizona Cardinals,Carolina Panthers,0.5,3.4,Neds
Arizona Cardinals v Carolina Panthers,Arizona Cardinals,Carolina Panthers,Player Touchdowns,Ja'Tavion Sanders,Carolina Panthers,Arizona Cardinals,0.5,4.5,Neds
Arizona Cardinals v Carolina Panthers,Arizona Cardinals,Carolina Panthers,Player Touchdowns,Greg Dortch,Arizona Cardinals,Carolina Panthers,0.5,13,Neds
Arizona Cardinals v Carolina Panthers,Arizona Cardinals,Carolina Panthers,Player Touchdowns,Emari Demercado,Arizona Cardinals,Carolina Panthers,0.5,10.5,Neds
Arizona Cardinals v Carolina Panthers,Arizona Cardinals,Carolina Panthers,Player Touchdowns,Bryce Young,Carolina Panthers,Arizona Cardinals,0.5,5.5,Neds
Arizona Cardinals v Carolina Panthers,Arizona Cardinals,Carolina Panthers,Player Touchdowns,Tommy Tremble,Carolina Panthers,Arizona Cardinals,0.5,8.75,Neds
Arizona Cardinals v Carolina Panthers,Arizona Cardinals,Carolina Panthers,Player Touchdowns,James Conner,Arizona Cardinals,Carolina Panthers,0.5,1.62,Neds
Arizona Cardinals v Carolina Panthers,Arizona Cardinals,Carolina Panthers,Player Touchdowns,Hunter Renfrow,Carolina Panthers,Arizona Cardinals,0.5,4.5,Neds
Arizona Cardinals v Carolina Panthers,Arizona Cardinals,Carolina Panthers,Player Touchdowns,David Moore,Carolina Panthers,Arizona Cardinals,0.5,15,Neds
Arizona Cardinals v Carolina Panthers,Arizona Cardinals,Carolina Panthers,Player Touchdowns,Panthers DST,NA,NA,0.5,11,Neds
Arizona Cardinals v Carolina Panthers,Arizona Cardinals,Carolina Panthers,Player Touchdowns,Zay Jones,Arizona Cardinals,Carolina Panthers,0.5,8.75,Neds
Arizona Cardinals v Carolina Panthers,Arizona Cardinals,Carolina Panthers,Player Touchdowns,Xavier Legette,Carolina Panthers,Arizona Cardinals,0.5,3.9,Neds
Arizona Cardinals v Carolina Panthers,Arizona Cardinals,Carolina Panthers,Player Touchdowns,Rico Dowdle,Carolina Panthers,Arizona Cardinals,0.5,5.5,Neds
Arizona Cardinals v Carolina Panthers,Arizona Cardinals,Carolina Panthers,Player Touchdowns,Cardinals DST,NA,NA,0.5,9.25,Neds
Arizona Cardinals v Carolina Panthers,Arizona Cardinals,Carolina Panthers,Player Touchdowns,Elijah Higgins,Arizona Cardinals,Carolina Panthers,0.5,9.5,Neds
Arizona Cardinals v Carolina Panthers,Arizona Cardinals,Carolina Panthers,Player Touchdowns,Travis Vokolek,Arizona Cardinals,Carolina Panthers,0.5,13,Neds
Arizona Cardinals v Carolina Panthers,Arizona Cardinals,Carolina Panthers,Player Touchdowns,Trey McBride,Arizona Cardinals,Carolina Panthers,0.5,2.35,Neds
Arizona Cardinals v Carolina Panthers,Arizona Cardinals,Carolina Panthers,Player Touchdowns,Xavier Weaver,Arizona Cardinals,Carolina Panthers,0.5,11.5,Neds
Arizona Cardinals v Carolina Panthers,Arizona Cardinals,Carolina Panthers,Player Touchdowns,Brycen Tremayne,Carolina Panthers,Arizona Cardinals,0.5,15,Neds
Arizona Cardinals v Carolina Panthers,Arizona Cardinals,Carolina Panthers,Player Touchdowns,Tetairoa McMillan,Carolina Panthers,Arizona Cardinals,0.5,2.75,Neds
Arizona Cardinals v Carolina Panthers,Arizona Cardinals,Carolina Panthers,Player Touchdowns,Marvin Harrison Jr.,Arizona Cardinals,Carolina Panthers,0.5,2.2,Neds
Arizona Cardinals v Carolina Panthers,Arizona Cardinals,Carolina Panthers,Player Touchdowns,Trevor Etienne,Carolina Panthers,Arizona Cardinals,0.5,13,Neds
Kansas City Chiefs v Philadelphia Eagles,Kansas City Chiefs,Philadelphia Eagles,Player Touchdowns,A.J. Brown,Philadelphia Eagles,Kansas City Chiefs,0.5,2.75,Neds
Kansas City Chiefs v Philadelphia Eagles,Kansas City Chiefs,Philadelphia Eagles,Player Touchdowns,Saquon Barkley,Philadelphia Eagles,Kansas City Chiefs,0.5,1.62,Neds
Kansas City Chiefs v Philadelphia Eagles,Kansas City Chiefs,Philadelphia Eagles,Player Touchdowns,Travis Kelce,Kansas City Chiefs,Philadelphia Eagles,0.5,2.35,Neds
Kansas City Chiefs v Philadelphia Eagles,Kansas City Chiefs,Philadelphia Eagles,Player Touchdowns,Kylen Granson,Philadelphia Eagles,Kansas City Chiefs,0.5,9.5,Neds
Kansas City Chiefs v Philadelphia Eagles,Kansas City Chiefs,Philadelphia Eagles,Player Touchdowns,Darius Cooper,Philadelphia Eagles,Kansas City Chiefs,0.5,13,Neds
Kansas City Chiefs v Philadelphia Eagles,Kansas City Chiefs,Philadelphia Eagles,Player Touchdowns,Jason Brownlee,Kansas City Chiefs,Philadelphia Eagles,0.5,10.5,Neds
Kansas City Chiefs v Philadelphia Eagles,Kansas City Chiefs,Philadelphia Eagles,Player Touchdowns,Nikko Remigio,Kansas City Chiefs,Philadelphia Eagles,0.5,17,Neds
Kansas City Chiefs v Philadelphia Eagles,Kansas City Chiefs,Philadelphia Eagles,Player Touchdowns,Noah Gray,Kansas City Chiefs,Philadelphia Eagles,0.5,5.5,Neds
Kansas City Chiefs v Philadelphia Eagles,Kansas City Chiefs,Philadelphia Eagles,Player Touchdowns,Hollywood Brown,NA,NA,0.5,2.55,Neds
Kansas City Chiefs v Philadelphia Eagles,Kansas City Chiefs,Philadelphia Eagles,Player Touchdowns,Brashard Smith,Kansas City Chiefs,Philadelphia Eagles,0.5,8.25,Neds
Kansas City Chiefs v Philadelphia Eagles,Kansas City Chiefs,Philadelphia Eagles,Player Touchdowns,Eagles DST,NA,NA,0.5,9.5,Neds
Kansas City Chiefs v Philadelphia Eagles,Kansas City Chiefs,Philadelphia Eagles,Player Touchdowns,Chiefs DST,NA,NA,0.5,9.5,Neds
Kansas City Chiefs v Philadelphia Eagles,Kansas City Chiefs,Philadelphia Eagles,Player Touchdowns,Patrick Mahomes,Kansas City Chiefs,Philadelphia Eagles,0.5,4.5,Neds
Kansas City Chiefs v Philadelphia Eagles,Kansas City Chiefs,Philadelphia Eagles,Player Touchdowns,JuJu Smith-Schuster,Kansas City Chiefs,Philadelphia Eagles,0.5,3.9,Neds
Kansas City Chiefs v Philadelphia Eagles,Kansas City Chiefs,Philadelphia Eagles,Player Touchdowns,Isiah Pacheco,Kansas City Chiefs,Philadelphia Eagles,0.5,2.75,Neds
Kansas City Chiefs v Philadelphia Eagles,Kansas City Chiefs,Philadelphia Eagles,Player Touchdowns,DeVonta Smith,Philadelphia Eagles,Kansas City Chiefs,0.5,2.75,Neds
Kansas City Chiefs v Philadelphia Eagles,Kansas City Chiefs,Philadelphia Eagles,Player Touchdowns,Kareem Hunt,Kansas City Chiefs,Philadelphia Eagles,0.5,3.05,Neds
Kansas City Chiefs v Philadelphia Eagles,Kansas City Chiefs,Philadelphia Eagles,Player Touchdowns,Jahan Dotson,Philadelphia Eagles,Kansas City Chiefs,0.5,10.5,Neds
Kansas City Chiefs v Philadelphia Eagles,Kansas City Chiefs,Philadelphia Eagles,Player Touchdowns,A.J. Dillon,NA,NA,0.5,9.5,Neds
Kansas City Chiefs v Philadelphia Eagles,Kansas City Chiefs,Philadelphia Eagles,Player Touchdowns,Tyquan Thornton,Kansas City Chiefs,Philadelphia Eagles,0.5,4.5,Neds
Kansas City Chiefs v Philadelphia Eagles,Kansas City Chiefs,Philadelphia Eagles,Player Touchdowns,Grant Calcaterra,Philadelphia Eagles,Kansas City Chiefs,0.5,3.9,Neds
Kansas City Chiefs v Philadelphia Eagles,Kansas City Chiefs,Philadelphia Eagles,Player Touchdowns,Tank Bigsby,Philadelphia Eagles,Kansas City Chiefs,0.5,7.25,Neds
Kansas City Chiefs v Philadelphia Eagles,Kansas City Chiefs,Philadelphia Eagles,Player Touchdowns,John Metchie,NA,NA,0.5,15,Neds
Kansas City Chiefs v Philadelphia Eagles,Kansas City Chiefs,Philadelphia Eagles,Player Touchdowns,Jalen Hurts,Philadelphia Eagles,Kansas City Chiefs,0.5,1.75,Neds
Las Vegas Raiders v Los Angeles Chargers,Las Vegas Raiders,Los Angeles Chargers,Player Touchdowns,Hassan Haskins,Los Angeles Chargers,Las Vegas Raiders,0.5,13,Neds
Las Vegas Raiders v Los Angeles Chargers,Las Vegas Raiders,Los Angeles Chargers,Player Touchdowns,Dont'e Thornton,NA,NA,0.5,3.9,Neds
Las Vegas Raiders v Los Angeles Chargers,Las Vegas Raiders,Los Angeles Chargers,Player Touchdowns,Tre Tucker,Las Vegas Raiders,Los Angeles Chargers,0.5,3.9,Neds
Las Vegas Raiders v Los Angeles Chargers,Las Vegas Raiders,Los Angeles Chargers,Player Touchdowns,Raiders DST,NA,NA,0.5,10.5,Neds
Las Vegas Raiders v Los Angeles Chargers,Las Vegas Raiders,Los Angeles Chargers,Player Touchdowns,Najee Harris,Los Angeles Chargers,Las Vegas Raiders,0.5,3.05,Neds
Las Vegas Raiders v Los Angeles Chargers,Las Vegas Raiders,Los Angeles Chargers,Player Touchdowns,Dylan Laube,Las Vegas Raiders,Los Angeles Chargers,0.5,15,Neds
Las Vegas Raiders v Los Angeles Chargers,Las Vegas Raiders,Los Angeles Chargers,Player Touchdowns,KeAndre Lambert-Smith,Los Angeles Chargers,Las Vegas Raiders,0.5,7.25,Neds
Las Vegas Raiders v Los Angeles Chargers,Las Vegas Raiders,Los Angeles Chargers,Player Touchdowns,Geno Smith,Las Vegas Raiders,Los Angeles Chargers,0.5,7.25,Neds
Las Vegas Raiders v Los Angeles Chargers,Las Vegas Raiders,Los Angeles Chargers,Player Touchdowns,Jack Bech,Las Vegas Raiders,Los Angeles Chargers,0.5,11.5,Neds
Las Vegas Raiders v Los Angeles Chargers,Las Vegas Raiders,Los Angeles Chargers,Player Touchdowns,Scott Matlock,Los Angeles Chargers,Las Vegas Raiders,0.5,17,Neds
Las Vegas Raiders v Los Angeles Chargers,Las Vegas Raiders,Los Angeles Chargers,Player Touchdowns,Zamir White,Las Vegas Raiders,Los Angeles Chargers,0.5,7.25,Neds
Las Vegas Raiders v Los Angeles Chargers,Las Vegas Raiders,Los Angeles Chargers,Player Touchdowns,Jakobi Meyers,Las Vegas Raiders,Los Angeles Chargers,0.5,2.55,Neds
Las Vegas Raiders v Los Angeles Chargers,Las Vegas Raiders,Los Angeles Chargers,Player Touchdowns,Michael Mayer,Las Vegas Raiders,Los Angeles Chargers,0.5,3.4,Neds
Las Vegas Raiders v Los Angeles Chargers,Las Vegas Raiders,Los Angeles Chargers,Player Touchdowns,Ian Thomas,Las Vegas Raiders,Los Angeles Chargers,0.5,21,Neds
Las Vegas Raiders v Los Angeles Chargers,Las Vegas Raiders,Los Angeles Chargers,Player Touchdowns,Brock Bowers,Las Vegas Raiders,Los Angeles Chargers,0.5,2.55,Neds
Las Vegas Raiders v Los Angeles Chargers,Las Vegas Raiders,Los Angeles Chargers,Player Touchdowns,Ladd McConkey,Los Angeles Chargers,Las Vegas Raiders,0.5,2.35,Neds
Las Vegas Raiders v Los Angeles Chargers,Las Vegas Raiders,Los Angeles Chargers,Player Touchdowns,Tyler Conklin,Los Angeles Chargers,Las Vegas Raiders,0.5,4.5,Neds
Las Vegas Raiders v Los Angeles Chargers,Las Vegas Raiders,Los Angeles Chargers,Player Touchdowns,Derius Davis,Los Angeles Chargers,Las Vegas Raiders,0.5,21,Neds
Las Vegas Raiders v Los Angeles Chargers,Las Vegas Raiders,Los Angeles Chargers,Player Touchdowns,Ashton Jeanty,Las Vegas Raiders,Los Angeles Chargers,0.5,1.75,Neds
Las Vegas Raiders v Los Angeles Chargers,Las Vegas Raiders,Los Angeles Chargers,Player Touchdowns,Chargers DST,NA,NA,0.5,8.5,Neds
Las Vegas Raiders v Los Angeles Chargers,Las Vegas Raiders,Los Angeles Chargers,Player Touchdowns,Justin Herbert,Los Angeles Chargers,Las Vegas Raiders,0.5,5.5,Neds
Las Vegas Raiders v Los Angeles Chargers,Las Vegas Raiders,Los Angeles Chargers,Player Touchdowns,Omarion Hampton,Los Angeles Chargers,Las Vegas Raiders,0.5,1.75,Neds
Las Vegas Raiders v Los Angeles Chargers,Las Vegas Raiders,Los Angeles Chargers,Player Touchdowns,Keenan Allen,Los Angeles Chargers,Las Vegas Raiders,0.5,2.75,Neds
Las Vegas Raiders v Los Angeles Chargers,Las Vegas Raiders,Los Angeles Chargers,Player Touchdowns,Will Dissly,Los Angeles Chargers,Las Vegas Raiders,0.5,5.5,Neds
Las Vegas Raiders v Los Angeles Chargers,Las Vegas Raiders,Los Angeles Chargers,Player Touchdowns,Quentin Johnston,Los Angeles Chargers,Las Vegas Raiders,0.5,3.4,Neds
