match,start_time,player_name,player_team,market,line,over_price,agency
Carolina Panthers v Tampa Bay Buccaneers,2025-12-21T18:00:00.000Z,Baker Mayfield,Tampa Bay Buccaneers,Player Touchdowns,0.5,4.5,TAB
Carolina Panthers v Tampa Bay Buccaneers,2025-12-21T18:00:00.000Z,Baker Mayfield,Tampa Bay Buccaneers,Player Touchdowns,1.5,26,TAB
Carolina Panthers v Tampa Bay Buccaneers,2025-12-21T18:00:00.000Z,Bryce Young,Carolina Panthers,Player Touchdowns,0.5,6,TAB
Carolina Panthers v Tampa Bay Buccaneers,2025-12-21T18:00:00.000Z,Bryce Young,Carolina Panthers,Player Touchdowns,1.5,51,TAB
Carolina Panthers v Tampa Bay Buccaneers,2025-12-21T18:00:00.000Z,Brycen Tremayne,Carolina Panthers,Player Touchdowns,0.5,17,TAB
Carolina Panthers v Tampa Bay Buccaneers,2025-12-21T18:00:00.000Z,Brycen Tremayne,Carolina Panthers,Player Touchdowns,1.5,101,TAB
Carolina Panthers v Tampa Bay Buccaneers,2025-12-21T18:00:00.000Z,Bucky Irving,Tampa Bay Buccaneers,Player Touchdowns,0.5,2.05,TAB
Carolina Panthers v Tampa Bay Buccaneers,2025-12-21T18:00:00.000Z,Bucky Irving,Tampa Bay Buccaneers,Player Touchdowns,1.5,5.5,TAB
Carolina Panthers v Tampa Bay Buccaneers,2025-12-21T18:00:00.000Z,Cade Otton,Tampa Bay Buccaneers,Player Touchdowns,0.5,4.25,TAB
Carolina Panthers v Tampa Bay Buccaneers,2025-12-21T18:00:00.000Z,Cade Otton,Tampa Bay Buccaneers,Player Touchdowns,1.5,34,TAB
Carolina Panthers v Tampa Bay Buccaneers,2025-12-21T18:00:00.000Z,Chris Godwin,NA,Player Touchdowns,0.5,4,TAB
Carolina Panthers v Tampa Bay Buccaneers,2025-12-21T18:00:00.000Z,Chris Godwin,NA,Player Touchdowns,1.5,26,TAB
Carolina Panthers v Tampa Bay Buccaneers,2025-12-21T18:00:00.000Z,Chuba Hubbard,Carolina Panthers,Player Touchdowns,0.5,2.7,TAB
Carolina Panthers v Tampa Bay Buccaneers,2025-12-21T18:00:00.000Z,Chuba Hubbard,Carolina Panthers,Player Touchdowns,1.5,10,TAB
Carolina Panthers v Tampa Bay Buccaneers,2025-12-21T18:00:00.000Z,Emeka Egbuka,Tampa Bay Buccaneers,Player Touchdowns,0.5,3.25,TAB
Carolina Panthers v Tampa Bay Buccaneers,2025-12-21T18:00:00.000Z,Emeka Egbuka,Tampa Bay Buccaneers,Player Touchdowns,1.5,15,TAB
Carolina Panthers v Tampa Bay Buccaneers,2025-12-21T18:00:00.000Z,Jalen Coker,Carolina Panthers,Player Touchdowns,0.5,3.5,TAB
Carolina Panthers v Tampa Bay Buccaneers,2025-12-21T18:00:00.000Z,Jalen Coker,Carolina Panthers,Player Touchdowns,1.5,17,TAB
Carolina Panthers v Tampa Bay Buccaneers,2025-12-21T18:00:00.000Z,Jalen Mcmillan,NA,Player Touchdowns,0.5,5,TAB
Carolina Panthers v Tampa Bay Buccaneers,2025-12-21T18:00:00.000Z,Jalen Mcmillan,NA,Player Touchdowns,1.5,34,TAB
Carolina Panthers v Tampa Bay Buccaneers,2025-12-21T18:00:00.000Z,Jatavion Sanders,NA,Player Touchdowns,0.5,6.5,TAB
Carolina Panthers v Tampa Bay Buccaneers,2025-12-21T18:00:00.000Z,Jatavion Sanders,NA,Player Touchdowns,1.5,81,TAB
Carolina Panthers v Tampa Bay Buccaneers,2025-12-21T18:00:00.000Z,Jimmy Horn,NA,Player Touchdowns,0.5,11,TAB
Carolina Panthers v Tampa Bay Buccaneers,2025-12-21T18:00:00.000Z,Jimmy Horn,NA,Player Touchdowns,1.5,101,TAB
Carolina Panthers v Tampa Bay Buccaneers,2025-12-21T18:00:00.000Z,Mike Evans,Tampa Bay Buccaneers,Player Touchdowns,0.5,2.25,TAB
Carolina Panthers v Tampa Bay Buccaneers,2025-12-21T18:00:00.000Z,Mike Evans,Tampa Bay Buccaneers,Player Touchdowns,1.5,7,TAB
Carolina Panthers v Tampa Bay Buccaneers,2025-12-21T18:00:00.000Z,Mitchell Evans,Carolina Panthers,Player Touchdowns,0.5,11,TAB
Carolina Panthers v Tampa Bay Buccaneers,2025-12-21T18:00:00.000Z,Mitchell Evans,Carolina Panthers,Player Touchdowns,1.5,101,TAB
Carolina Panthers v Tampa Bay Buccaneers,2025-12-21T18:00:00.000Z,Rachaad White,Tampa Bay Buccaneers,Player Touchdowns,0.5,3.75,TAB
Carolina Panthers v Tampa Bay Buccaneers,2025-12-21T18:00:00.000Z,Rachaad White,Tampa Bay Buccaneers,Player Touchdowns,1.5,21,TAB
Carolina Panthers v Tampa Bay Buccaneers,2025-12-21T18:00:00.000Z,Rico Dowdle,Carolina Panthers,Player Touchdowns,0.5,2.15,TAB
Carolina Panthers v Tampa Bay Buccaneers,2025-12-21T18:00:00.000Z,Rico Dowdle,Carolina Panthers,Player Touchdowns,1.5,6,TAB
Carolina Panthers v Tampa Bay Buccaneers,2025-12-21T18:00:00.000Z,Sean Tucker,Tampa Bay Buccaneers,Player Touchdowns,0.5,3,TAB
Carolina Panthers v Tampa Bay Buccaneers,2025-12-21T18:00:00.000Z,Sean Tucker,Tampa Bay Buccaneers,Player Touchdowns,1.5,13,TAB
Carolina Panthers v Tampa Bay Buccaneers,2025-12-21T18:00:00.000Z,Sterling Shepard,Tampa Bay Buccaneers,Player Touchdowns,0.5,13,TAB
Carolina Panthers v Tampa Bay Buccaneers,2025-12-21T18:00:00.000Z,Sterling Shepard,Tampa Bay Buccaneers,Player Touchdowns,1.5,101,TAB
Carolina Panthers v Tampa Bay Buccaneers,2025-12-21T18:00:00.000Z,Tetairoa Mcmillan,NA,Player Touchdowns,0.5,2.5,TAB
Carolina Panthers v Tampa Bay Buccaneers,2025-12-21T18:00:00.000Z,Tetairoa Mcmillan,NA,Player Touchdowns,1.5,9,TAB
Carolina Panthers v Tampa Bay Buccaneers,2025-12-21T18:00:00.000Z,Tez Johnson,Tampa Bay Buccaneers,Player Touchdowns,0.5,19,TAB
Carolina Panthers v Tampa Bay Buccaneers,2025-12-21T18:00:00.000Z,Tez Johnson,Tampa Bay Buccaneers,Player Touchdowns,1.5,101,TAB
Carolina Panthers v Tampa Bay Buccaneers,2025-12-21T18:00:00.000Z,Tommy Tremble,Carolina Panthers,Player Touchdowns,0.5,7,TAB
Carolina Panthers v Tampa Bay Buccaneers,2025-12-21T18:00:00.000Z,Tommy Tremble,Carolina Panthers,Player Touchdowns,1.5,81,TAB
Carolina Panthers v Tampa Bay Buccaneers,2025-12-21T18:00:00.000Z,Trevor Etienne,Carolina Panthers,Player Touchdowns,0.5,11,TAB
Carolina Panthers v Tampa Bay Buccaneers,2025-12-21T18:00:00.000Z,Trevor Etienne,Carolina Panthers,Player Touchdowns,1.5,101,TAB
Carolina Panthers v Tampa Bay Buccaneers,2025-12-21T18:00:00.000Z,Xavier Legette,Carolina Panthers,Player Touchdowns,0.5,4.75,TAB
Carolina Panthers v Tampa Bay Buccaneers,2025-12-21T18:00:00.000Z,Xavier Legette,Carolina Panthers,Player Touchdowns,1.5,34,TAB
Cleveland Browns v Buffalo Bills,2025-12-21T18:00:00.000Z,Brandin Cooks,Buffalo Bills,Player Touchdowns,0.5,7,TAB
Cleveland Browns v Buffalo Bills,2025-12-21T18:00:00.000Z,Brandin Cooks,Buffalo Bills,Player Touchdowns,1.5,67,TAB
Cleveland Browns v Buffalo Bills,2025-12-21T18:00:00.000Z,Cedric Tillman,Cleveland Browns,Player Touchdowns,0.5,7.5,TAB
Cleveland Browns v Buffalo Bills,2025-12-21T18:00:00.000Z,Cedric Tillman,Cleveland Browns,Player Touchdowns,1.5,81,TAB
Cleveland Browns v Buffalo Bills,2025-12-21T18:00:00.000Z,Dalton Kincaid,Buffalo Bills,Player Touchdowns,0.5,3,TAB
Cleveland Browns v Buffalo Bills,2025-12-21T18:00:00.000Z,Dalton Kincaid,Buffalo Bills,Player Touchdowns,1.5,15,TAB
Cleveland Browns v Buffalo Bills,2025-12-21T18:00:00.000Z,Dawson Knox,Buffalo Bills,Player Touchdowns,0.5,3.75,TAB
Cleveland Browns v Buffalo Bills,2025-12-21T18:00:00.000Z,Dawson Knox,Buffalo Bills,Player Touchdowns,1.5,17,TAB
Cleveland Browns v Buffalo Bills,2025-12-21T18:00:00.000Z,Deandre Carter,NA,Player Touchdowns,0.5,17,TAB
Cleveland Browns v Buffalo Bills,2025-12-21T18:00:00.000Z,Deandre Carter,NA,Player Touchdowns,1.5,101,TAB
Cleveland Browns v Buffalo Bills,2025-12-21T18:00:00.000Z,Gabe Davis,Buffalo Bills,Player Touchdowns,0.5,7.5,TAB
Cleveland Browns v Buffalo Bills,2025-12-21T18:00:00.000Z,Gabe Davis,Buffalo Bills,Player Touchdowns,1.5,81,TAB
Cleveland Browns v Buffalo Bills,2025-12-21T18:00:00.000Z,Gage Larvadain,Cleveland Browns,Player Touchdowns,0.5,10,TAB
Cleveland Browns v Buffalo Bills,2025-12-21T18:00:00.000Z,Gage Larvadain,Cleveland Browns,Player Touchdowns,1.5,101,TAB
Cleveland Browns v Buffalo Bills,2025-12-21T18:00:00.000Z,Harold Fannin,NA,Player Touchdowns,0.5,3.5,TAB
Cleveland Browns v Buffalo Bills,2025-12-21T18:00:00.000Z,Harold Fannin,NA,Player Touchdowns,1.5,21,TAB
Cleveland Browns v Buffalo Bills,2025-12-21T18:00:00.000Z,Isaiah Bond,Cleveland Browns,Player Touchdowns,0.5,6,TAB
Cleveland Browns v Buffalo Bills,2025-12-21T18:00:00.000Z,Isaiah Bond,Cleveland Browns,Player Touchdowns,1.5,51,TAB
Cleveland Browns v Buffalo Bills,2025-12-21T18:00:00.000Z,Jackson Hawes,Buffalo Bills,Player Touchdowns,0.5,9,TAB
Cleveland Browns v Buffalo Bills,2025-12-21T18:00:00.000Z,Jackson Hawes,Buffalo Bills,Player Touchdowns,1.5,101,TAB
Cleveland Browns v Buffalo Bills,2025-12-21T18:00:00.000Z,James Cook,Buffalo Bills,Player Touchdowns,0.5,1.75,TAB
Cleveland Browns v Buffalo Bills,2025-12-21T18:00:00.000Z,James Cook,Buffalo Bills,Player Touchdowns,1.5,4,TAB
Cleveland Browns v Buffalo Bills,2025-12-21T18:00:00.000Z,Jerry Jeudy,Cleveland Browns,Player Touchdowns,0.5,4.5,TAB
Cleveland Browns v Buffalo Bills,2025-12-21T18:00:00.000Z,Jerry Jeudy,Cleveland Browns,Player Touchdowns,1.5,26,TAB
Cleveland Browns v Buffalo Bills,2025-12-21T18:00:00.000Z,Josh Allen,Buffalo Bills,Player Touchdowns,0.5,1.8,TAB
Cleveland Browns v Buffalo Bills,2025-12-21T18:00:00.000Z,Josh Allen,Buffalo Bills,Player Touchdowns,1.5,4.25,TAB
Cleveland Browns v Buffalo Bills,2025-12-21T18:00:00.000Z,Joshua Palmer,NA,Player Touchdowns,0.5,5,TAB
Cleveland Browns v Buffalo Bills,2025-12-21T18:00:00.000Z,Joshua Palmer,NA,Player Touchdowns,1.5,34,TAB
Cleveland Browns v Buffalo Bills,2025-12-21T18:00:00.000Z,Keon Coleman,Buffalo Bills,Player Touchdowns,0.5,4.75,TAB
Cleveland Browns v Buffalo Bills,2025-12-21T18:00:00.000Z,Keon Coleman,Buffalo Bills,Player Touchdowns,1.5,26,TAB
Cleveland Browns v Buffalo Bills,2025-12-21T18:00:00.000Z,Khalil Shakir,Buffalo Bills,Player Touchdowns,0.5,3,TAB
Cleveland Browns v Buffalo Bills,2025-12-21T18:00:00.000Z,Khalil Shakir,Buffalo Bills,Player Touchdowns,1.5,15,TAB
Cleveland Browns v Buffalo Bills,2025-12-21T18:00:00.000Z,Malachi Corley,Cleveland Browns,Player Touchdowns,0.5,8,TAB
Cleveland Browns v Buffalo Bills,2025-12-21T18:00:00.000Z,Malachi Corley,Cleveland Browns,Player Touchdowns,1.5,101,TAB
Cleveland Browns v Buffalo Bills,2025-12-21T18:00:00.000Z,Mecole Hardman,Buffalo Bills,Player Touchdowns,0.5,8.5,TAB
Cleveland Browns v Buffalo Bills,2025-12-21T18:00:00.000Z,Mecole Hardman,Buffalo Bills,Player Touchdowns,1.5,101,TAB
Cleveland Browns v Buffalo Bills,2025-12-21T18:00:00.000Z,Quinshon Judkins,Cleveland Browns,Player Touchdowns,0.5,2.05,TAB
Cleveland Browns v Buffalo Bills,2025-12-21T18:00:00.000Z,Quinshon Judkins,Cleveland Browns,Player Touchdowns,1.5,5.25,TAB
Cleveland Browns v Buffalo Bills,2025-12-21T18:00:00.000Z,Raheim Sanders,Cleveland Browns,Player Touchdowns,0.5,13,TAB
Cleveland Browns v Buffalo Bills,2025-12-21T18:00:00.000Z,Raheim Sanders,Cleveland Browns,Player Touchdowns,1.5,101,TAB
Cleveland Browns v Buffalo Bills,2025-12-21T18:00:00.000Z,Ray Davis,Buffalo Bills,Player Touchdowns,0.5,8,TAB
Cleveland Browns v Buffalo Bills,2025-12-21T18:00:00.000Z,Ray Davis,Buffalo Bills,Player Touchdowns,1.5,81,TAB
Cleveland Browns v Buffalo Bills,2025-12-21T18:00:00.000Z,Shedeur Sanders,Cleveland Browns,Player Touchdowns,0.5,5.5,TAB
Cleveland Browns v Buffalo Bills,2025-12-21T18:00:00.000Z,Shedeur Sanders,Cleveland Browns,Player Touchdowns,1.5,51,TAB
Cleveland Browns v Buffalo Bills,2025-12-21T18:00:00.000Z,Trayveon Williams,Cleveland Browns,Player Touchdowns,0.5,10,TAB
Cleveland Browns v Buffalo Bills,2025-12-21T18:00:00.000Z,Trayveon Williams,Cleveland Browns,Player Touchdowns,1.5,101,TAB
Cleveland Browns v Buffalo Bills,2025-12-21T18:00:00.000Z,Ty Johnson,Buffalo Bills,Player Touchdowns,0.5,5,TAB
Cleveland Browns v Buffalo Bills,2025-12-21T18:00:00.000Z,Ty Johnson,Buffalo Bills,Player Touchdowns,1.5,26,TAB
Cleveland Browns v Buffalo Bills,2025-12-21T18:00:00.000Z,Tyrell Shavers,Buffalo Bills,Player Touchdowns,0.5,8.5,TAB
Cleveland Browns v Buffalo Bills,2025-12-21T18:00:00.000Z,Tyrell Shavers,Buffalo Bills,Player Touchdowns,1.5,101,TAB
Dallas Cowboys v Los Angeles Chargers,2025-12-21T18:00:00.000Z,CeeDee Lamb,Dallas Cowboys,Player Touchdowns,0.5,2.2,TAB
Dallas Cowboys v Los Angeles Chargers,2025-12-21T18:00:00.000Z,CeeDee Lamb,Dallas Cowboys,Player Touchdowns,1.5,7,TAB
Dallas Cowboys v Los Angeles Chargers,2025-12-21T18:00:00.000Z,Dak Prescott,Dallas Cowboys,Player Touchdowns,0.5,4,TAB
Dallas Cowboys v Los Angeles Chargers,2025-12-21T18:00:00.000Z,Dak Prescott,Dallas Cowboys,Player Touchdowns,1.5,23,TAB
Dallas Cowboys v Los Angeles Chargers,2025-12-21T18:00:00.000Z,Derius Davis,Los Angeles Chargers,Player Touchdowns,0.5,13,TAB
Dallas Cowboys v Los Angeles Chargers,2025-12-21T18:00:00.000Z,Derius Davis,Los Angeles Chargers,Player Touchdowns,1.5,101,TAB
Dallas Cowboys v Los Angeles Chargers,2025-12-21T18:00:00.000Z,George Pickens,Dallas Cowboys,Player Touchdowns,0.5,2.3,TAB
Dallas Cowboys v Los Angeles Chargers,2025-12-21T18:00:00.000Z,George Pickens,Dallas Cowboys,Player Touchdowns,1.5,8,TAB
Dallas Cowboys v Los Angeles Chargers,2025-12-21T18:00:00.000Z,Hassan Haskins,Los Angeles Chargers,Player Touchdowns,0.5,19,TAB
Dallas Cowboys v Los Angeles Chargers,2025-12-21T18:00:00.000Z,Hassan Haskins,Los Angeles Chargers,Player Touchdowns,1.5,101,TAB
Dallas Cowboys v Los Angeles Chargers,2025-12-21T18:00:00.000Z,Hunter Luepke,Dallas Cowboys,Player Touchdowns,0.5,13,TAB
Dallas Cowboys v Los Angeles Chargers,2025-12-21T18:00:00.000Z,Hunter Luepke,Dallas Cowboys,Player Touchdowns,1.5,101,TAB
Dallas Cowboys v Los Angeles Chargers,2025-12-21T18:00:00.000Z,Jake Ferguson,Dallas Cowboys,Player Touchdowns,0.5,3,TAB
Dallas Cowboys v Los Angeles Chargers,2025-12-21T18:00:00.000Z,Jake Ferguson,Dallas Cowboys,Player Touchdowns,1.5,15,TAB
Dallas Cowboys v Los Angeles Chargers,2025-12-21T18:00:00.000Z,Jalen Tolbert,Dallas Cowboys,Player Touchdowns,0.5,13,TAB
Dallas Cowboys v Los Angeles Chargers,2025-12-21T18:00:00.000Z,Jalen Tolbert,Dallas Cowboys,Player Touchdowns,1.5,101,TAB
Dallas Cowboys v Los Angeles Chargers,2025-12-21T18:00:00.000Z,Javonte Williams,Dallas Cowboys,Player Touchdowns,0.5,1.68,TAB
Dallas Cowboys v Los Angeles Chargers,2025-12-21T18:00:00.000Z,Javonte Williams,Dallas Cowboys,Player Touchdowns,1.5,3.5,TAB
Dallas Cowboys v Los Angeles Chargers,2025-12-21T18:00:00.000Z,Jaydon Blue,Dallas Cowboys,Player Touchdowns,0.5,11,TAB
Dallas Cowboys v Los Angeles Chargers,2025-12-21T18:00:00.000Z,Jaydon Blue,Dallas Cowboys,Player Touchdowns,1.5,101,TAB
Dallas Cowboys v Los Angeles Chargers,2025-12-21T18:00:00.000Z,Jonathan Mingo,Dallas Cowboys,Player Touchdowns,0.5,21,TAB
Dallas Cowboys v Los Angeles Chargers,2025-12-21T18:00:00.000Z,Jonathan Mingo,Dallas Cowboys,Player Touchdowns,1.5,101,TAB
Dallas Cowboys v Los Angeles Chargers,2025-12-21T18:00:00.000Z,Justin Herbert,Los Angeles Chargers,Player Touchdowns,0.5,4.25,TAB
Dallas Cowboys v Los Angeles Chargers,2025-12-21T18:00:00.000Z,Justin Herbert,Los Angeles Chargers,Player Touchdowns,1.5,26,TAB
Dallas Cowboys v Los Angeles Chargers,2025-12-21T18:00:00.000Z,Kavontae Turpin,NA,Player Touchdowns,0.5,4.75,TAB
Dallas Cowboys v Los Angeles Chargers,2025-12-21T18:00:00.000Z,Kavontae Turpin,NA,Player Touchdowns,1.5,26,TAB
Dallas Cowboys v Los Angeles Chargers,2025-12-21T18:00:00.000Z,Keandre Lambert-Smith,NA,Player Touchdowns,0.5,10,TAB
Dallas Cowboys v Los Angeles Chargers,2025-12-21T18:00:00.000Z,Keandre Lambert-Smith,NA,Player Touchdowns,1.5,101,TAB
Dallas Cowboys v Los Angeles Chargers,2025-12-21T18:00:00.000Z,Keenan Allen,Los Angeles Chargers,Player Touchdowns,0.5,3,TAB
Dallas Cowboys v Los Angeles Chargers,2025-12-21T18:00:00.000Z,Keenan Allen,Los Angeles Chargers,Player Touchdowns,1.5,13,TAB
Dallas Cowboys v Los Angeles Chargers,2025-12-21T18:00:00.000Z,Kimani Vidal,Los Angeles Chargers,Player Touchdowns,0.5,3,TAB
Dallas Cowboys v Los Angeles Chargers,2025-12-21T18:00:00.000Z,Kimani Vidal,Los Angeles Chargers,Player Touchdowns,1.5,11,TAB
Dallas Cowboys v Los Angeles Chargers,2025-12-21T18:00:00.000Z,Ladd McConkey,Los Angeles Chargers,Player Touchdowns,0.5,3,TAB
Dallas Cowboys v Los Angeles Chargers,2025-12-21T18:00:00.000Z,Ladd McConkey,Los Angeles Chargers,Player Touchdowns,1.5,13,TAB
Dallas Cowboys v Los Angeles Chargers,2025-12-21T18:00:00.000Z,Luke Schoonmaker,Dallas Cowboys,Player Touchdowns,0.5,11,TAB
Dallas Cowboys v Los Angeles Chargers,2025-12-21T18:00:00.000Z,Luke Schoonmaker,Dallas Cowboys,Player Touchdowns,1.5,101,TAB
Dallas Cowboys v Los Angeles Chargers,2025-12-21T18:00:00.000Z,Malik Davis,Dallas Cowboys,Player Touchdowns,0.5,4,TAB
Dallas Cowboys v Los Angeles Chargers,2025-12-21T18:00:00.000Z,Malik Davis,Dallas Cowboys,Player Touchdowns,1.5,21,TAB
Dallas Cowboys v Los Angeles Chargers,2025-12-21T18:00:00.000Z,Omarion Hampton,Los Angeles Chargers,Player Touchdowns,0.5,2.3,TAB
Dallas Cowboys v Los Angeles Chargers,2025-12-21T18:00:00.000Z,Omarion Hampton,Los Angeles Chargers,Player Touchdowns,1.5,7,TAB
Dallas Cowboys v Los Angeles Chargers,2025-12-21T18:00:00.000Z,Oronde Gadsden,NA,Player Touchdowns,0.5,3.25,TAB
Dallas Cowboys v Los Angeles Chargers,2025-12-21T18:00:00.000Z,Oronde Gadsden,NA,Player Touchdowns,1.5,15,TAB
Dallas Cowboys v Los Angeles Chargers,2025-12-21T18:00:00.000Z,Quentin Johnston,Los Angeles Chargers,Player Touchdowns,0.5,2.9,TAB
Dallas Cowboys v Los Angeles Chargers,2025-12-21T18:00:00.000Z,Quentin Johnston,Los Angeles Chargers,Player Touchdowns,1.5,13,TAB
Dallas Cowboys v Los Angeles Chargers,2025-12-21T18:00:00.000Z,Ryan Flournoy,Dallas Cowboys,Player Touchdowns,0.5,4,TAB
Dallas Cowboys v Los Angeles Chargers,2025-12-21T18:00:00.000Z,Ryan Flournoy,Dallas Cowboys,Player Touchdowns,1.5,26,TAB
Dallas Cowboys v Los Angeles Chargers,2025-12-21T18:00:00.000Z,Tre Harris,Los Angeles Chargers,Player Touchdowns,0.5,3.5,TAB
Dallas Cowboys v Los Angeles Chargers,2025-12-21T18:00:00.000Z,Tre Harris,Los Angeles Chargers,Player Touchdowns,1.5,19,TAB
Dallas Cowboys v Los Angeles Chargers,2025-12-21T18:00:00.000Z,Will Dissly,Los Angeles Chargers,Player Touchdowns,0.5,11,TAB
Dallas Cowboys v Los Angeles Chargers,2025-12-21T18:00:00.000Z,Will Dissly,Los Angeles Chargers,Player Touchdowns,1.5,101,TAB
Miami Dolphins v Cincinnati Bengals,2025-12-21T18:00:00.000Z,Alec Ingold,Miami Dolphins,Player Touchdowns,0.5,13,TAB
Miami Dolphins v Cincinnati Bengals,2025-12-21T18:00:00.000Z,Alec Ingold,Miami Dolphins,Player Touchdowns,1.5,101,TAB
Miami Dolphins v Cincinnati Bengals,2025-12-21T18:00:00.000Z,Andrei Iosivas,Cincinnati Bengals,Player Touchdowns,0.5,3.75,TAB
Miami Dolphins v Cincinnati Bengals,2025-12-21T18:00:00.000Z,Andrei Iosivas,Cincinnati Bengals,Player Touchdowns,1.5,21,TAB
Miami Dolphins v Cincinnati Bengals,2025-12-21T18:00:00.000Z,Cedrick Wilson,NA,Player Touchdowns,0.5,13,TAB
Miami Dolphins v Cincinnati Bengals,2025-12-21T18:00:00.000Z,Cedrick Wilson,NA,Player Touchdowns,1.5,101,TAB
Miami Dolphins v Cincinnati Bengals,2025-12-21T18:00:00.000Z,Charlie Jones,Cincinnati Bengals,Player Touchdowns,0.5,15,TAB
Miami Dolphins v Cincinnati Bengals,2025-12-21T18:00:00.000Z,Charlie Jones,Cincinnati Bengals,Player Touchdowns,1.5,101,TAB
Miami Dolphins v Cincinnati Bengals,2025-12-21T18:00:00.000Z,Chase Brown,Cincinnati Bengals,Player Touchdowns,0.5,1.87,TAB
Miami Dolphins v Cincinnati Bengals,2025-12-21T18:00:00.000Z,Chase Brown,Cincinnati Bengals,Player Touchdowns,1.5,5,TAB
Miami Dolphins v Cincinnati Bengals,2025-12-21T18:00:00.000Z,Darren Waller,Miami Dolphins,Player Touchdowns,0.5,4,TAB
Miami Dolphins v Cincinnati Bengals,2025-12-21T18:00:00.000Z,Darren Waller,Miami Dolphins,Player Touchdowns,1.5,23,TAB
Miami Dolphins v Cincinnati Bengals,2025-12-21T18:00:00.000Z,De'Von Achane,Miami Dolphins,Player Touchdowns,0.5,1.55,TAB
Miami Dolphins v Cincinnati Bengals,2025-12-21T18:00:00.000Z,De'Von Achane,Miami Dolphins,Player Touchdowns,1.5,3.25,TAB
Miami Dolphins v Cincinnati Bengals,2025-12-21T18:00:00.000Z,Dee Eskridge,Miami Dolphins,Player Touchdowns,0.5,13,TAB
Miami Dolphins v Cincinnati Bengals,2025-12-21T18:00:00.000Z,Dee Eskridge,Miami Dolphins,Player Touchdowns,1.5,101,TAB
Miami Dolphins v Cincinnati Bengals,2025-12-21T18:00:00.000Z,Drew Sample,Cincinnati Bengals,Player Touchdowns,0.5,11,TAB
Miami Dolphins v Cincinnati Bengals,2025-12-21T18:00:00.000Z,Drew Sample,Cincinnati Bengals,Player Touchdowns,1.5,101,TAB
Miami Dolphins v Cincinnati Bengals,2025-12-21T18:00:00.000Z,Greg Dulcich,Miami Dolphins,Player Touchdowns,0.5,5.25,TAB
Miami Dolphins v Cincinnati Bengals,2025-12-21T18:00:00.000Z,Greg Dulcich,Miami Dolphins,Player Touchdowns,1.5,41,TAB
Miami Dolphins v Cincinnati Bengals,2025-12-21T18:00:00.000Z,Jamarr Chase,NA,Player Touchdowns,0.5,1.95,TAB
Miami Dolphins v Cincinnati Bengals,2025-12-21T18:00:00.000Z,Jamarr Chase,NA,Player Touchdowns,1.5,5,TAB
Miami Dolphins v Cincinnati Bengals,2025-12-21T18:00:00.000Z,Jaylen Waddle,Miami Dolphins,Player Touchdowns,0.5,2.7,TAB
Miami Dolphins v Cincinnati Bengals,2025-12-21T18:00:00.000Z,Jaylen Waddle,Miami Dolphins,Player Touchdowns,1.5,10,TAB
Miami Dolphins v Cincinnati Bengals,2025-12-21T18:00:00.000Z,Jaylen Wright,Miami Dolphins,Player Touchdowns,0.5,4.5,TAB
Miami Dolphins v Cincinnati Bengals,2025-12-21T18:00:00.000Z,Jaylen Wright,Miami Dolphins,Player Touchdowns,1.5,26,TAB
Miami Dolphins v Cincinnati Bengals,2025-12-21T18:00:00.000Z,Joe Burrow,Cincinnati Bengals,Player Touchdowns,0.5,7.5,TAB
Miami Dolphins v Cincinnati Bengals,2025-12-21T18:00:00.000Z,Joe Burrow,Cincinnati Bengals,Player Touchdowns,1.5,101,TAB
Miami Dolphins v Cincinnati Bengals,2025-12-21T18:00:00.000Z,Julian Hill,Miami Dolphins,Player Touchdowns,0.5,11,TAB
Miami Dolphins v Cincinnati Bengals,2025-12-21T18:00:00.000Z,Julian Hill,Miami Dolphins,Player Touchdowns,1.5,101,TAB
Miami Dolphins v Cincinnati Bengals,2025-12-21T18:00:00.000Z,Malik Washington,Miami Dolphins,Player Touchdowns,0.5,5,TAB
Miami Dolphins v Cincinnati Bengals,2025-12-21T18:00:00.000Z,Malik Washington,Miami Dolphins,Player Touchdowns,1.5,41,TAB
Miami Dolphins v Cincinnati Bengals,2025-12-21T18:00:00.000Z,Mike Gesicki,Cincinnati Bengals,Player Touchdowns,0.5,3.75,TAB
Miami Dolphins v Cincinnati Bengals,2025-12-21T18:00:00.000Z,Mike Gesicki,Cincinnati Bengals,Player Touchdowns,1.5,19,TAB
Miami Dolphins v Cincinnati Bengals,2025-12-21T18:00:00.000Z,Mitchell Tinsley,Cincinnati Bengals,Player Touchdowns,0.5,5.5,TAB
Miami Dolphins v Cincinnati Bengals,2025-12-21T18:00:00.000Z,Mitchell Tinsley,Cincinnati Bengals,Player Touchdowns,1.5,41,TAB
Miami Dolphins v Cincinnati Bengals,2025-12-21T18:00:00.000Z,Nick Westbrook-Ikhine,Miami Dolphins,Player Touchdowns,0.5,15,TAB
Miami Dolphins v Cincinnati Bengals,2025-12-21T18:00:00.000Z,Nick Westbrook-Ikhine,Miami Dolphins,Player Touchdowns,1.5,101,TAB
Miami Dolphins v Cincinnati Bengals,2025-12-21T18:00:00.000Z,Noah Fant,Cincinnati Bengals,Player Touchdowns,0.5,7,TAB
Miami Dolphins v Cincinnati Bengals,2025-12-21T18:00:00.000Z,Noah Fant,Cincinnati Bengals,Player Touchdowns,1.5,81,TAB
Miami Dolphins v Cincinnati Bengals,2025-12-21T18:00:00.000Z,Ollie Gordon,NA,Player Touchdowns,0.5,4.75,TAB
Miami Dolphins v Cincinnati Bengals,2025-12-21T18:00:00.000Z,Ollie Gordon,NA,Player Touchdowns,1.5,26,TAB
Miami Dolphins v Cincinnati Bengals,2025-12-21T18:00:00.000Z,Quinn Ewers,Miami Dolphins,Player Touchdowns,0.5,9,TAB
Miami Dolphins v Cincinnati Bengals,2025-12-21T18:00:00.000Z,Quinn Ewers,Miami Dolphins,Player Touchdowns,1.5,101,TAB
Miami Dolphins v Cincinnati Bengals,2025-12-21T18:00:00.000Z,Samaje Perine,Cincinnati Bengals,Player Touchdowns,0.5,2.4,TAB
Miami Dolphins v Cincinnati Bengals,2025-12-21T18:00:00.000Z,Samaje Perine,Cincinnati Bengals,Player Touchdowns,1.5,8,TAB
Miami Dolphins v Cincinnati Bengals,2025-12-21T18:00:00.000Z,Tahj Brooks,Cincinnati Bengals,Player Touchdowns,0.5,13,TAB
Miami Dolphins v Cincinnati Bengals,2025-12-21T18:00:00.000Z,Tahj Brooks,Cincinnati Bengals,Player Touchdowns,1.5,101,TAB
Miami Dolphins v Cincinnati Bengals,2025-12-21T18:00:00.000Z,Tanner Hudson,Cincinnati Bengals,Player Touchdowns,0.5,9,TAB
Miami Dolphins v Cincinnati Bengals,2025-12-21T18:00:00.000Z,Tanner Hudson,Cincinnati Bengals,Player Touchdowns,1.5,101,TAB
Miami Dolphins v Cincinnati Bengals,2025-12-21T18:00:00.000Z,Tee Higgins,Cincinnati Bengals,Player Touchdowns,0.5,2.2,TAB
Miami Dolphins v Cincinnati Bengals,2025-12-21T18:00:00.000Z,Tee Higgins,Cincinnati Bengals,Player Touchdowns,1.5,7.5,TAB
New Orleans Saints v New York Jets,2025-12-21T18:00:00.000Z,Adonai Mitchell,New York Jets,Player Touchdowns,0.5,3.25,TAB
New Orleans Saints v New York Jets,2025-12-21T18:00:00.000Z,Adonai Mitchell,New York Jets,Player Touchdowns,1.5,17,TAB
New Orleans Saints v New York Jets,2025-12-21T18:00:00.000Z,Allen Lazard,New York Jets,Player Touchdowns,0.5,6,TAB
New Orleans Saints v New York Jets,2025-12-21T18:00:00.000Z,Allen Lazard,New York Jets,Player Touchdowns,1.5,67,TAB
New Orleans Saints v New York Jets,2025-12-21T18:00:00.000Z,Arian Smith,New York Jets,Player Touchdowns,0.5,19,TAB
New Orleans Saints v New York Jets,2025-12-21T18:00:00.000Z,Arian Smith,New York Jets,Player Touchdowns,1.5,101,TAB
New Orleans Saints v New York Jets,2025-12-21T18:00:00.000Z,Audric Estime,NA,Player Touchdowns,0.5,2.9,TAB
New Orleans Saints v New York Jets,2025-12-21T18:00:00.000Z,Audric Estime,NA,Player Touchdowns,1.5,11,TAB
New Orleans Saints v New York Jets,2025-12-21T18:00:00.000Z,Brady Cook,New York Jets,Player Touchdowns,0.5,4.25,TAB
New Orleans Saints v New York Jets,2025-12-21T18:00:00.000Z,Brady Cook,New York Jets,Player Touchdowns,1.5,26,TAB
New Orleans Saints v New York Jets,2025-12-21T18:00:00.000Z,Breece Hall,New York Jets,Player Touchdowns,0.5,2.05,TAB
New Orleans Saints v New York Jets,2025-12-21T18:00:00.000Z,Breece Hall,New York Jets,Player Touchdowns,1.5,5.25,TAB
New Orleans Saints v New York Jets,2025-12-21T18:00:00.000Z,Chris Olave,New Orleans Saints,Player Touchdowns,0.5,2.6,TAB
New Orleans Saints v New York Jets,2025-12-21T18:00:00.000Z,Chris Olave,New Orleans Saints,Player Touchdowns,1.5,10,TAB
New Orleans Saints v New York Jets,2025-12-21T18:00:00.000Z,Dante Pettis,New Orleans Saints,Player Touchdowns,0.5,6,TAB
New Orleans Saints v New York Jets,2025-12-21T18:00:00.000Z,Dante Pettis,New Orleans Saints,Player Touchdowns,1.5,51,TAB
New Orleans Saints v New York Jets,2025-12-21T18:00:00.000Z,Devaughn Vele,New Orleans Saints,Player Touchdowns,0.5,3.75,TAB
New Orleans Saints v New York Jets,2025-12-21T18:00:00.000Z,Devaughn Vele,New Orleans Saints,Player Touchdowns,1.5,21,TAB
New Orleans Saints v New York Jets,2025-12-21T18:00:00.000Z,Devin Neal,New Orleans Saints,Player Touchdowns,0.5,3.75,TAB
New Orleans Saints v New York Jets,2025-12-21T18:00:00.000Z,Devin Neal,New Orleans Saints,Player Touchdowns,1.5,21,TAB
New Orleans Saints v New York Jets,2025-12-21T18:00:00.000Z,Evan Hull,New Orleans Saints,Player Touchdowns,0.5,4.75,TAB
New Orleans Saints v New York Jets,2025-12-21T18:00:00.000Z,Evan Hull,New Orleans Saints,Player Touchdowns,1.5,26,TAB
New Orleans Saints v New York Jets,2025-12-21T18:00:00.000Z,Foster Moreau,New Orleans Saints,Player Touchdowns,0.5,10,TAB
New Orleans Saints v New York Jets,2025-12-21T18:00:00.000Z,Foster Moreau,New Orleans Saints,Player Touchdowns,1.5,101,TAB
New Orleans Saints v New York Jets,2025-12-21T18:00:00.000Z,Isaiah Davis,New York Jets,Player Touchdowns,0.5,6.5,TAB
New Orleans Saints v New York Jets,2025-12-21T18:00:00.000Z,Isaiah Davis,New York Jets,Player Touchdowns,1.5,51,TAB
New Orleans Saints v New York Jets,2025-12-21T18:00:00.000Z,Isaiah Williams,New York Jets,Player Touchdowns,0.5,5.25,TAB
New Orleans Saints v New York Jets,2025-12-21T18:00:00.000Z,Isaiah Williams,New York Jets,Player Touchdowns,1.5,41,TAB
New Orleans Saints v New York Jets,2025-12-21T18:00:00.000Z,Jelani Woods,New York Jets,Player Touchdowns,0.5,17,TAB
New Orleans Saints v New York Jets,2025-12-21T18:00:00.000Z,Jelani Woods,New York Jets,Player Touchdowns,1.5,101,TAB
New Orleans Saints v New York Jets,2025-12-21T18:00:00.000Z,Jeremy Ruckert,New York Jets,Player Touchdowns,0.5,5.5,TAB
New Orleans Saints v New York Jets,2025-12-21T18:00:00.000Z,Jeremy Ruckert,New York Jets,Player Touchdowns,1.5,51,TAB
New Orleans Saints v New York Jets,2025-12-21T18:00:00.000Z,John Metchie,NA,Player Touchdowns,0.5,4.5,TAB
New Orleans Saints v New York Jets,2025-12-21T18:00:00.000Z,John Metchie,NA,Player Touchdowns,1.5,26,TAB
New Orleans Saints v New York Jets,2025-12-21T18:00:00.000Z,Juwan Johnson,New Orleans Saints,Player Touchdowns,0.5,3.75,TAB
New Orleans Saints v New York Jets,2025-12-21T18:00:00.000Z,Juwan Johnson,New Orleans Saints,Player Touchdowns,1.5,23,TAB
New Orleans Saints v New York Jets,2025-12-21T18:00:00.000Z,Kevin Austin,NA,Player Touchdowns,0.5,6,TAB
New Orleans Saints v New York Jets,2025-12-21T18:00:00.000Z,Kevin Austin,NA,Player Touchdowns,1.5,51,TAB
New Orleans Saints v New York Jets,2025-12-21T18:00:00.000Z,Khalil Herbert,New York Jets,Player Touchdowns,0.5,19,TAB
New Orleans Saints v New York Jets,2025-12-21T18:00:00.000Z,Khalil Herbert,New York Jets,Player Touchdowns,1.5,101,TAB
New Orleans Saints v New York Jets,2025-12-21T18:00:00.000Z,Mason Taylor,New York Jets,Player Touchdowns,0.5,4.5,TAB
New Orleans Saints v New York Jets,2025-12-21T18:00:00.000Z,Mason Taylor,New York Jets,Player Touchdowns,1.5,26,TAB
New Orleans Saints v New York Jets,2025-12-21T18:00:00.000Z,Mason Tipton,New Orleans Saints,Player Touchdowns,0.5,3.5,TAB
New Orleans Saints v New York Jets,2025-12-21T18:00:00.000Z,Mason Tipton,New Orleans Saints,Player Touchdowns,1.5,19,TAB
New Orleans Saints v New York Jets,2025-12-21T18:00:00.000Z,Taysom Hill,New Orleans Saints,Player Touchdowns,0.5,3.25,TAB
New Orleans Saints v New York Jets,2025-12-21T18:00:00.000Z,Taysom Hill,New Orleans Saints,Player Touchdowns,1.5,13,TAB
New Orleans Saints v New York Jets,2025-12-21T18:00:00.000Z,Tyler Johnson,New York Jets,Player Touchdowns,0.5,10,TAB
New Orleans Saints v New York Jets,2025-12-21T18:00:00.000Z,Tyler Johnson,New York Jets,Player Touchdowns,1.5,101,TAB
New Orleans Saints v New York Jets,2025-12-21T18:00:00.000Z,Tyler Shough,New Orleans Saints,Player Touchdowns,0.5,3.25,TAB
New Orleans Saints v New York Jets,2025-12-21T18:00:00.000Z,Tyler Shough,New Orleans Saints,Player Touchdowns,1.5,13,TAB
New York Giants v Minnesota Vikings,2025-12-21T18:00:00.000Z,Aaron Jones,Minnesota Vikings,Player Touchdowns,0.5,2.3,TAB
New York Giants v Minnesota Vikings,2025-12-21T18:00:00.000Z,Aaron Jones,Minnesota Vikings,Player Touchdowns,1.5,7,TAB
New York Giants v Minnesota Vikings,2025-12-21T18:00:00.000Z,Beaux Collins,New York Giants,Player Touchdowns,0.5,21,TAB
New York Giants v Minnesota Vikings,2025-12-21T18:00:00.000Z,Beaux Collins,New York Giants,Player Touchdowns,1.5,101,TAB
New York Giants v Minnesota Vikings,2025-12-21T18:00:00.000Z,C.j. Ham,NA,Player Touchdowns,0.5,15,TAB
New York Giants v Minnesota Vikings,2025-12-21T18:00:00.000Z,C.j. Ham,NA,Player Touchdowns,1.5,101,TAB
New York Giants v Minnesota Vikings,2025-12-21T18:00:00.000Z,Daniel Bellinger,New York Giants,Player Touchdowns,0.5,11,TAB
New York Giants v Minnesota Vikings,2025-12-21T18:00:00.000Z,Daniel Bellinger,New York Giants,Player Touchdowns,1.5,101,TAB
New York Giants v Minnesota Vikings,2025-12-21T18:00:00.000Z,Darius Slayton,New York Giants,Player Touchdowns,0.5,3,TAB
New York Giants v Minnesota Vikings,2025-12-21T18:00:00.000Z,Darius Slayton,New York Giants,Player Touchdowns,1.5,13,TAB
New York Giants v Minnesota Vikings,2025-12-21T18:00:00.000Z,Devin Singletary,New York Giants,Player Touchdowns,0.5,3,TAB
New York Giants v Minnesota Vikings,2025-12-21T18:00:00.000Z,Devin Singletary,New York Giants,Player Touchdowns,1.5,11,TAB
New York Giants v Minnesota Vikings,2025-12-21T18:00:00.000Z,Gunner Olszewski,New York Giants,Player Touchdowns,0.5,11,TAB
New York Giants v Minnesota Vikings,2025-12-21T18:00:00.000Z,Gunner Olszewski,New York Giants,Player Touchdowns,1.5,101,TAB
New York Giants v Minnesota Vikings,2025-12-21T18:00:00.000Z,Isaiah Hodgins,New York Giants,Player Touchdowns,0.5,6,TAB
New York Giants v Minnesota Vikings,2025-12-21T18:00:00.000Z,Isaiah Hodgins,New York Giants,Player Touchdowns,1.5,51,TAB
New York Giants v Minnesota Vikings,2025-12-21T18:00:00.000Z,J.j. Mccarthy,NA,Player Touchdowns,0.5,4.25,TAB
New York Giants v Minnesota Vikings,2025-12-21T18:00:00.000Z,J.j. Mccarthy,NA,Player Touchdowns,1.5,26,TAB
New York Giants v Minnesota Vikings,2025-12-21T18:00:00.000Z,Jalen Nailor,Minnesota Vikings,Player Touchdowns,0.5,4.25,TAB
New York Giants v Minnesota Vikings,2025-12-21T18:00:00.000Z,Jalen Nailor,Minnesota Vikings,Player Touchdowns,1.5,26,TAB
New York Giants v Minnesota Vikings,2025-12-21T18:00:00.000Z,Jaxson Dart,New York Giants,Player Touchdowns,0.5,2.6,TAB
New York Giants v Minnesota Vikings,2025-12-21T18:00:00.000Z,Jaxson Dart,New York Giants,Player Touchdowns,1.5,10,TAB
New York Giants v Minnesota Vikings,2025-12-21T18:00:00.000Z,Jordan Addison,Minnesota Vikings,Player Touchdowns,0.5,2.7,TAB
New York Giants v Minnesota Vikings,2025-12-21T18:00:00.000Z,Jordan Addison,Minnesota Vikings,Player Touchdowns,1.5,11,TAB
New York Giants v Minnesota Vikings,2025-12-21T18:00:00.000Z,Jordan Mason,Minnesota Vikings,Player Touchdowns,0.5,2.6,TAB
New York Giants v Minnesota Vikings,2025-12-21T18:00:00.000Z,Jordan Mason,Minnesota Vikings,Player Touchdowns,1.5,9,TAB
New York Giants v Minnesota Vikings,2025-12-21T18:00:00.000Z,Josh Oliver,Minnesota Vikings,Player Touchdowns,0.5,8,TAB
New York Giants v Minnesota Vikings,2025-12-21T18:00:00.000Z,Josh Oliver,Minnesota Vikings,Player Touchdowns,1.5,101,TAB
New York Giants v Minnesota Vikings,2025-12-21T18:00:00.000Z,Justin Jefferson,Minnesota Vikings,Player Touchdowns,0.5,2.6,TAB
New York Giants v Minnesota Vikings,2025-12-21T18:00:00.000Z,Justin Jefferson,Minnesota Vikings,Player Touchdowns,1.5,10,TAB
New York Giants v Minnesota Vikings,2025-12-21T18:00:00.000Z,Myles Price,Minnesota Vikings,Player Touchdowns,0.5,15,TAB
New York Giants v Minnesota Vikings,2025-12-21T18:00:00.000Z,Myles Price,Minnesota Vikings,Player Touchdowns,1.5,101,TAB
New York Giants v Minnesota Vikings,2025-12-21T18:00:00.000Z,Ryan Miller,New York Giants,Player Touchdowns,0.5,21,TAB
New York Giants v Minnesota Vikings,2025-12-21T18:00:00.000Z,Ryan Miller,New York Giants,Player Touchdowns,1.5,101,TAB
New York Giants v Minnesota Vikings,2025-12-21T18:00:00.000Z,T.j. Hockenson,NA,Player Touchdowns,0.5,3.5,TAB
New York Giants v Minnesota Vikings,2025-12-21T18:00:00.000Z,T.j. Hockenson,NA,Player Touchdowns,1.5,19,TAB
New York Giants v Minnesota Vikings,2025-12-21T18:00:00.000Z,Tai Felton,Minnesota Vikings,Player Touchdowns,0.5,19,TAB
New York Giants v Minnesota Vikings,2025-12-21T18:00:00.000Z,Tai Felton,Minnesota Vikings,Player Touchdowns,1.5,101,TAB
New York Giants v Minnesota Vikings,2025-12-21T18:00:00.000Z,Theo Johnson,New York Giants,Player Touchdowns,0.5,3.75,TAB
New York Giants v Minnesota Vikings,2025-12-21T18:00:00.000Z,Theo Johnson,New York Giants,Player Touchdowns,1.5,21,TAB
New York Giants v Minnesota Vikings,2025-12-21T18:00:00.000Z,Ty Chandler,Minnesota Vikings,Player Touchdowns,0.5,10,TAB
New York Giants v Minnesota Vikings,2025-12-21T18:00:00.000Z,Ty Chandler,Minnesota Vikings,Player Touchdowns,1.5,101,TAB
New York Giants v Minnesota Vikings,2025-12-21T18:00:00.000Z,Tyrone Tracy,NA,Player Touchdowns,0.5,2.6,TAB
New York Giants v Minnesota Vikings,2025-12-21T18:00:00.000Z,Tyrone Tracy,NA,Player Touchdowns,1.5,9,TAB
New York Giants v Minnesota Vikings,2025-12-21T18:00:00.000Z,Wandale Robinson,NA,Player Touchdowns,0.5,2.8,TAB
New York Giants v Minnesota Vikings,2025-12-21T18:00:00.000Z,Wandale Robinson,NA,Player Touchdowns,1.5,11,TAB
Tennessee Titans v Kansas City Chiefs,2025-12-21T18:00:00.000Z,Brashard Smith,Kansas City Chiefs,Player Touchdowns,0.5,8,TAB
Tennessee Titans v Kansas City Chiefs,2025-12-21T18:00:00.000Z,Brashard Smith,Kansas City Chiefs,Player Touchdowns,1.5,101,TAB
Tennessee Titans v Kansas City Chiefs,2025-12-21T18:00:00.000Z,Bryce Oliver,Tennessee Titans,Player Touchdowns,0.5,11,TAB
Tennessee Titans v Kansas City Chiefs,2025-12-21T18:00:00.000Z,Bryce Oliver,Tennessee Titans,Player Touchdowns,1.5,101,TAB
Tennessee Titans v Kansas City Chiefs,2025-12-21T18:00:00.000Z,Cam Ward,Tennessee Titans,Player Touchdowns,0.5,5.25,TAB
Tennessee Titans v Kansas City Chiefs,2025-12-21T18:00:00.000Z,Cam Ward,Tennessee Titans,Player Touchdowns,1.5,51,TAB
Tennessee Titans v Kansas City Chiefs,2025-12-21T18:00:00.000Z,Chig Okonkwo,Tennessee Titans,Player Touchdowns,0.5,6,TAB
Tennessee Titans v Kansas City Chiefs,2025-12-21T18:00:00.000Z,Chig Okonkwo,Tennessee Titans,Player Touchdowns,1.5,67,TAB
Tennessee Titans v Kansas City Chiefs,2025-12-21T18:00:00.000Z,Chimere Dike,Tennessee Titans,Player Touchdowns,0.5,3.75,TAB
Tennessee Titans v Kansas City Chiefs,2025-12-21T18:00:00.000Z,Chimere Dike,Tennessee Titans,Player Touchdowns,1.5,19,TAB
Tennessee Titans v Kansas City Chiefs,2025-12-21T18:00:00.000Z,Elic Ayomanor,Tennessee Titans,Player Touchdowns,0.5,5.25,TAB
Tennessee Titans v Kansas City Chiefs,2025-12-21T18:00:00.000Z,Elic Ayomanor,Tennessee Titans,Player Touchdowns,1.5,51,TAB
Tennessee Titans v Kansas City Chiefs,2025-12-21T18:00:00.000Z,Gardner Minshew,Kansas City Chiefs,Player Touchdowns,0.5,6,TAB
Tennessee Titans v Kansas City Chiefs,2025-12-21T18:00:00.000Z,Gardner Minshew,Kansas City Chiefs,Player Touchdowns,1.5,51,TAB
Tennessee Titans v Kansas City Chiefs,2025-12-21T18:00:00.000Z,Gunnar Helm,Tennessee Titans,Player Touchdowns,0.5,5,TAB
Tennessee Titans v Kansas City Chiefs,2025-12-21T18:00:00.000Z,Gunnar Helm,Tennessee Titans,Player Touchdowns,1.5,34,TAB
Tennessee Titans v Kansas City Chiefs,2025-12-21T18:00:00.000Z,Hollywood Brown,NA,Player Touchdowns,0.5,3.5,TAB
Tennessee Titans v Kansas City Chiefs,2025-12-21T18:00:00.000Z,Hollywood Brown,NA,Player Touchdowns,1.5,21,TAB
Tennessee Titans v Kansas City Chiefs,2025-12-21T18:00:00.000Z,Isiah Pacheco,Kansas City Chiefs,Player Touchdowns,0.5,2.7,TAB
Tennessee Titans v Kansas City Chiefs,2025-12-21T18:00:00.000Z,Isiah Pacheco,Kansas City Chiefs,Player Touchdowns,1.5,10,TAB
Tennessee Titans v Kansas City Chiefs,2025-12-21T18:00:00.000Z,James Proche,Tennessee Titans,Player Touchdowns,0.5,10,TAB
Tennessee Titans v Kansas City Chiefs,2025-12-21T18:00:00.000Z,James Proche,Tennessee Titans,Player Touchdowns,1.5,101,TAB
Tennessee Titans v Kansas City Chiefs,2025-12-21T18:00:00.000Z,Jason Brownlee,Kansas City Chiefs,Player Touchdowns,0.5,17,TAB
Tennessee Titans v Kansas City Chiefs,2025-12-21T18:00:00.000Z,Jason Brownlee,Kansas City Chiefs,Player Touchdowns,1.5,101,TAB
Tennessee Titans v Kansas City Chiefs,2025-12-21T18:00:00.000Z,Juju Smith-Schuster,NA,Player Touchdowns,0.5,5.5,TAB
Tennessee Titans v Kansas City Chiefs,2025-12-21T18:00:00.000Z,Juju Smith-Schuster,NA,Player Touchdowns,1.5,41,TAB
Tennessee Titans v Kansas City Chiefs,2025-12-21T18:00:00.000Z,Kareem Hunt,Kansas City Chiefs,Player Touchdowns,0.5,2.6,TAB
Tennessee Titans v Kansas City Chiefs,2025-12-21T18:00:00.000Z,Kareem Hunt,Kansas City Chiefs,Player Touchdowns,1.5,9,TAB
Tennessee Titans v Kansas City Chiefs,2025-12-21T18:00:00.000Z,Nikko Remigio,Kansas City Chiefs,Player Touchdowns,0.5,13,TAB
Tennessee Titans v Kansas City Chiefs,2025-12-21T18:00:00.000Z,Nikko Remigio,Kansas City Chiefs,Player Touchdowns,1.5,101,TAB
Tennessee Titans v Kansas City Chiefs,2025-12-21T18:00:00.000Z,Noah Gray,Kansas City Chiefs,Player Touchdowns,0.5,8,TAB
Tennessee Titans v Kansas City Chiefs,2025-12-21T18:00:00.000Z,Noah Gray,Kansas City Chiefs,Player Touchdowns,1.5,101,TAB
Tennessee Titans v Kansas City Chiefs,2025-12-21T18:00:00.000Z,Patrick Mahomes,Kansas City Chiefs,Player Touchdowns,0.5,4.5,TAB
Tennessee Titans v Kansas City Chiefs,2025-12-21T18:00:00.000Z,Patrick Mahomes,Kansas City Chiefs,Player Touchdowns,1.5,34,TAB
Tennessee Titans v Kansas City Chiefs,2025-12-21T18:00:00.000Z,Tony Pollard,Tennessee Titans,Player Touchdowns,0.5,2.4,TAB
Tennessee Titans v Kansas City Chiefs,2025-12-21T18:00:00.000Z,Tony Pollard,Tennessee Titans,Player Touchdowns,1.5,7.5,TAB
Tennessee Titans v Kansas City Chiefs,2025-12-21T18:00:00.000Z,Travis Kelce,Kansas City Chiefs,Player Touchdowns,0.5,3,TAB
Tennessee Titans v Kansas City Chiefs,2025-12-21T18:00:00.000Z,Travis Kelce,Kansas City Chiefs,Player Touchdowns,1.5,15,TAB
Tennessee Titans v Kansas City Chiefs,2025-12-21T18:00:00.000Z,Tyjae Spears,Tennessee Titans,Player Touchdowns,0.5,3.25,TAB
Tennessee Titans v Kansas City Chiefs,2025-12-21T18:00:00.000Z,Tyjae Spears,Tennessee Titans,Player Touchdowns,1.5,15,TAB
Tennessee Titans v Kansas City Chiefs,2025-12-21T18:00:00.000Z,Tyquan Thornton,Kansas City Chiefs,Player Touchdowns,0.5,7,TAB
Tennessee Titans v Kansas City Chiefs,2025-12-21T18:00:00.000Z,Tyquan Thornton,Kansas City Chiefs,Player Touchdowns,1.5,81,TAB
Tennessee Titans v Kansas City Chiefs,2025-12-21T18:00:00.000Z,Van Jefferson,Tennessee Titans,Player Touchdowns,0.5,5.5,TAB
Tennessee Titans v Kansas City Chiefs,2025-12-21T18:00:00.000Z,Van Jefferson,Tennessee Titans,Player Touchdowns,1.5,41,TAB
Tennessee Titans v Kansas City Chiefs,2025-12-21T18:00:00.000Z,Xavier Worthy,Kansas City Chiefs,Player Touchdowns,0.5,3,TAB
Tennessee Titans v Kansas City Chiefs,2025-12-21T18:00:00.000Z,Xavier Worthy,Kansas City Chiefs,Player Touchdowns,1.5,13,TAB
Arizona Cardinals v Atlanta Falcons,2025-12-21T21:05:00.000Z,Andre Baccellia,Arizona Cardinals,Player Touchdowns,0.5,6,TAB
Arizona Cardinals v Atlanta Falcons,2025-12-21T21:05:00.000Z,Andre Baccellia,Arizona Cardinals,Player Touchdowns,1.5,41,TAB
Arizona Cardinals v Atlanta Falcons,2025-12-21T21:05:00.000Z,Bijan Robinson,Atlanta Falcons,Player Touchdowns,0.5,1.42,TAB
Arizona Cardinals v Atlanta Falcons,2025-12-21T21:05:00.000Z,Bijan Robinson,Atlanta Falcons,Player Touchdowns,1.5,2.8,TAB
Arizona Cardinals v Atlanta Falcons,2025-12-21T21:05:00.000Z,Casey Washington,Atlanta Falcons,Player Touchdowns,0.5,21,TAB
Arizona Cardinals v Atlanta Falcons,2025-12-21T21:05:00.000Z,Casey Washington,Atlanta Falcons,Player Touchdowns,1.5,101,TAB
Arizona Cardinals v Atlanta Falcons,2025-12-21T21:05:00.000Z,Charlie Woerner,Atlanta Falcons,Player Touchdowns,0.5,11,TAB
Arizona Cardinals v Atlanta Falcons,2025-12-21T21:05:00.000Z,Charlie Woerner,Atlanta Falcons,Player Touchdowns,1.5,101,TAB
Arizona Cardinals v Atlanta Falcons,2025-12-21T21:05:00.000Z,Corey Kiner,Arizona Cardinals,Player Touchdowns,0.5,21,TAB
Arizona Cardinals v Atlanta Falcons,2025-12-21T21:05:00.000Z,Corey Kiner,Arizona Cardinals,Player Touchdowns,1.5,101,TAB
Arizona Cardinals v Atlanta Falcons,2025-12-21T21:05:00.000Z,Darnell Mooney,Atlanta Falcons,Player Touchdowns,0.5,3.75,TAB
Arizona Cardinals v Atlanta Falcons,2025-12-21T21:05:00.000Z,Darnell Mooney,Atlanta Falcons,Player Touchdowns,1.5,23,TAB
Arizona Cardinals v Atlanta Falcons,2025-12-21T21:05:00.000Z,David Sills,Atlanta Falcons,Player Touchdowns,0.5,5,TAB
Arizona Cardinals v Atlanta Falcons,2025-12-21T21:05:00.000Z,David Sills,Atlanta Falcons,Player Touchdowns,1.5,41,TAB
Arizona Cardinals v Atlanta Falcons,2025-12-21T21:05:00.000Z,Deven Thompkins,Atlanta Falcons,Player Touchdowns,0.5,13,TAB
Arizona Cardinals v Atlanta Falcons,2025-12-21T21:05:00.000Z,Deven Thompkins,Atlanta Falcons,Player Touchdowns,1.5,101,TAB
Arizona Cardinals v Atlanta Falcons,2025-12-21T21:05:00.000Z,Drake London,Atlanta Falcons,Player Touchdowns,0.5,2.4,TAB
Arizona Cardinals v Atlanta Falcons,2025-12-21T21:05:00.000Z,Drake London,Atlanta Falcons,Player Touchdowns,1.5,8.5,TAB
Arizona Cardinals v Atlanta Falcons,2025-12-21T21:05:00.000Z,Dylan Drummond,Atlanta Falcons,Player Touchdowns,0.5,21,TAB
Arizona Cardinals v Atlanta Falcons,2025-12-21T21:05:00.000Z,Dylan Drummond,Atlanta Falcons,Player Touchdowns,1.5,101,TAB
Arizona Cardinals v Atlanta Falcons,2025-12-21T21:05:00.000Z,Elijah Higgins,Arizona Cardinals,Player Touchdowns,0.5,7.5,TAB
Arizona Cardinals v Atlanta Falcons,2025-12-21T21:05:00.000Z,Elijah Higgins,Arizona Cardinals,Player Touchdowns,1.5,81,TAB
Arizona Cardinals v Atlanta Falcons,2025-12-21T21:05:00.000Z,Emari Demercado,Arizona Cardinals,Player Touchdowns,0.5,3.75,TAB
Arizona Cardinals v Atlanta Falcons,2025-12-21T21:05:00.000Z,Emari Demercado,Arizona Cardinals,Player Touchdowns,1.5,19,TAB
Arizona Cardinals v Atlanta Falcons,2025-12-21T21:05:00.000Z,Jacoby Brissett,Arizona Cardinals,Player Touchdowns,0.5,4.75,TAB
Arizona Cardinals v Atlanta Falcons,2025-12-21T21:05:00.000Z,Jacoby Brissett,Arizona Cardinals,Player Touchdowns,1.5,41,TAB
Arizona Cardinals v Atlanta Falcons,2025-12-21T21:05:00.000Z,Jalen Brooks,Arizona Cardinals,Player Touchdowns,0.5,10,TAB
Arizona Cardinals v Atlanta Falcons,2025-12-21T21:05:00.000Z,Jalen Brooks,Arizona Cardinals,Player Touchdowns,1.5,81,TAB
Arizona Cardinals v Atlanta Falcons,2025-12-21T21:05:00.000Z,Jamal Agnew,Atlanta Falcons,Player Touchdowns,0.5,15,TAB
Arizona Cardinals v Atlanta Falcons,2025-12-21T21:05:00.000Z,Jamal Agnew,Atlanta Falcons,Player Touchdowns,1.5,101,TAB
Arizona Cardinals v Atlanta Falcons,2025-12-21T21:05:00.000Z,Kirk Cousins,Atlanta Falcons,Player Touchdowns,0.5,11,TAB
Arizona Cardinals v Atlanta Falcons,2025-12-21T21:05:00.000Z,Kirk Cousins,Atlanta Falcons,Player Touchdowns,1.5,101,TAB
Arizona Cardinals v Atlanta Falcons,2025-12-21T21:05:00.000Z,Kyle Pitts,Atlanta Falcons,Player Touchdowns,0.5,3,TAB
Arizona Cardinals v Atlanta Falcons,2025-12-21T21:05:00.000Z,Kyle Pitts,Atlanta Falcons,Player Touchdowns,1.5,13,TAB
Arizona Cardinals v Atlanta Falcons,2025-12-21T21:05:00.000Z,Marvin Harrison Jr.,Arizona Cardinals,Player Touchdowns,0.5,3.25,TAB
Arizona Cardinals v Atlanta Falcons,2025-12-21T21:05:00.000Z,Marvin Harrison Jr.,Arizona Cardinals,Player Touchdowns,1.5,17,TAB
Arizona Cardinals v Atlanta Falcons,2025-12-21T21:05:00.000Z,Michael Carter,Arizona Cardinals,Player Touchdowns,0.5,2.15,TAB
Arizona Cardinals v Atlanta Falcons,2025-12-21T21:05:00.000Z,Michael Carter,Arizona Cardinals,Player Touchdowns,1.5,6,TAB
Arizona Cardinals v Atlanta Falcons,2025-12-21T21:05:00.000Z,Michael Wilson,Arizona Cardinals,Player Touchdowns,0.5,2.3,TAB
Arizona Cardinals v Atlanta Falcons,2025-12-21T21:05:00.000Z,Michael Wilson,Arizona Cardinals,Player Touchdowns,1.5,8.5,TAB
Arizona Cardinals v Atlanta Falcons,2025-12-21T21:05:00.000Z,Trey McBride,Arizona Cardinals,Player Touchdowns,0.5,2.1,TAB
Arizona Cardinals v Atlanta Falcons,2025-12-21T21:05:00.000Z,Trey McBride,Arizona Cardinals,Player Touchdowns,1.5,6.5,TAB
Arizona Cardinals v Atlanta Falcons,2025-12-21T21:05:00.000Z,Tyler Allgeier,Atlanta Falcons,Player Touchdowns,0.5,3,TAB
Arizona Cardinals v Atlanta Falcons,2025-12-21T21:05:00.000Z,Tyler Allgeier,Atlanta Falcons,Player Touchdowns,1.5,13,TAB
Arizona Cardinals v Atlanta Falcons,2025-12-21T21:05:00.000Z,Xavier Weaver,Arizona Cardinals,Player Touchdowns,0.5,10,TAB
Arizona Cardinals v Atlanta Falcons,2025-12-21T21:05:00.000Z,Xavier Weaver,Arizona Cardinals,Player Touchdowns,1.5,101,TAB
Arizona Cardinals v Atlanta Falcons,2025-12-21T21:05:00.000Z,Zonovan Knight,NA,Player Touchdowns,0.5,2.4,TAB
Arizona Cardinals v Atlanta Falcons,2025-12-21T21:05:00.000Z,Zonovan Knight,NA,Player Touchdowns,1.5,8.5,TAB
Denver Broncos v Jacksonville Jaguars,2025-12-21T21:05:00.000Z,Adam Prentice,Denver Broncos,Player Touchdowns,0.5,13,TAB
Denver Broncos v Jacksonville Jaguars,2025-12-21T21:05:00.000Z,Adam Prentice,Denver Broncos,Player Touchdowns,1.5,101,TAB
Denver Broncos v Jacksonville Jaguars,2025-12-21T21:05:00.000Z,Adam Trautman,Denver Broncos,Player Touchdowns,0.5,8.5,TAB
Denver Broncos v Jacksonville Jaguars,2025-12-21T21:05:00.000Z,Adam Trautman,Denver Broncos,Player Touchdowns,1.5,101,TAB
Denver Broncos v Jacksonville Jaguars,2025-12-21T21:05:00.000Z,Bhayshul Tuten,Jacksonville Jaguars,Player Touchdowns,0.5,4,TAB
Denver Broncos v Jacksonville Jaguars,2025-12-21T21:05:00.000Z,Bhayshul Tuten,Jacksonville Jaguars,Player Touchdowns,1.5,21,TAB
Denver Broncos v Jacksonville Jaguars,2025-12-21T21:05:00.000Z,Bo Nix,Denver Broncos,Player Touchdowns,0.5,3.25,TAB
Denver Broncos v Jacksonville Jaguars,2025-12-21T21:05:00.000Z,Bo Nix,Denver Broncos,Player Touchdowns,1.5,17,TAB
Denver Broncos v Jacksonville Jaguars,2025-12-21T21:05:00.000Z,Brenton Strange,Jacksonville Jaguars,Player Touchdowns,0.5,3.5,TAB
Denver Broncos v Jacksonville Jaguars,2025-12-21T21:05:00.000Z,Brenton Strange,Jacksonville Jaguars,Player Touchdowns,1.5,23,TAB
Denver Broncos v Jacksonville Jaguars,2025-12-21T21:05:00.000Z,Brian Thomas Jr.,Jacksonville Jaguars,Player Touchdowns,0.5,2.8,TAB
Denver Broncos v Jacksonville Jaguars,2025-12-21T21:05:00.000Z,Brian Thomas Jr.,Jacksonville Jaguars,Player Touchdowns,1.5,13,TAB
Denver Broncos v Jacksonville Jaguars,2025-12-21T21:05:00.000Z,Courtland Sutton,Denver Broncos,Player Touchdowns,0.5,2.7,TAB
Denver Broncos v Jacksonville Jaguars,2025-12-21T21:05:00.000Z,Courtland Sutton,Denver Broncos,Player Touchdowns,1.5,11,TAB
Denver Broncos v Jacksonville Jaguars,2025-12-21T21:05:00.000Z,Dyami Brown,Jacksonville Jaguars,Player Touchdowns,0.5,19,TAB
Denver Broncos v Jacksonville Jaguars,2025-12-21T21:05:00.000Z,Dyami Brown,Jacksonville Jaguars,Player Touchdowns,1.5,101,TAB
Denver Broncos v Jacksonville Jaguars,2025-12-21T21:05:00.000Z,Evan Engram,Denver Broncos,Player Touchdowns,0.5,4.75,TAB
Denver Broncos v Jacksonville Jaguars,2025-12-21T21:05:00.000Z,Evan Engram,Denver Broncos,Player Touchdowns,1.5,34,TAB
Denver Broncos v Jacksonville Jaguars,2025-12-21T21:05:00.000Z,Hunter Long,Jacksonville Jaguars,Player Touchdowns,0.5,15,TAB
Denver Broncos v Jacksonville Jaguars,2025-12-21T21:05:00.000Z,Hunter Long,Jacksonville Jaguars,Player Touchdowns,1.5,101,TAB
Denver Broncos v Jacksonville Jaguars,2025-12-21T21:05:00.000Z,J.k. Dobbins,NA,Player Touchdowns,0.5,2.1,TAB
Denver Broncos v Jacksonville Jaguars,2025-12-21T21:05:00.000Z,J.k. Dobbins,NA,Player Touchdowns,1.5,6,TAB
Denver Broncos v Jacksonville Jaguars,2025-12-21T21:05:00.000Z,Jakobi Meyers,Jacksonville Jaguars,Player Touchdowns,0.5,2.9,TAB
Denver Broncos v Jacksonville Jaguars,2025-12-21T21:05:00.000Z,Jakobi Meyers,Jacksonville Jaguars,Player Touchdowns,1.5,13,TAB
Denver Broncos v Jacksonville Jaguars,2025-12-21T21:05:00.000Z,Jaleel Mclaughlin,NA,Player Touchdowns,0.5,6,TAB
Denver Broncos v Jacksonville Jaguars,2025-12-21T21:05:00.000Z,Jaleel Mclaughlin,NA,Player Touchdowns,1.5,41,TAB
Denver Broncos v Jacksonville Jaguars,2025-12-21T21:05:00.000Z,Jaquinden Jackson,NA,Player Touchdowns,0.5,19,TAB
Denver Broncos v Jacksonville Jaguars,2025-12-21T21:05:00.000Z,Jaquinden Jackson,NA,Player Touchdowns,1.5,101,TAB
Denver Broncos v Jacksonville Jaguars,2025-12-21T21:05:00.000Z,Johnny Mundt,Jacksonville Jaguars,Player Touchdowns,0.5,19,TAB
Denver Broncos v Jacksonville Jaguars,2025-12-21T21:05:00.000Z,Johnny Mundt,Jacksonville Jaguars,Player Touchdowns,1.5,101,TAB
Denver Broncos v Jacksonville Jaguars,2025-12-21T21:05:00.000Z,Lequint Allen,NA,Player Touchdowns,0.5,6.5,TAB
Denver Broncos v Jacksonville Jaguars,2025-12-21T21:05:00.000Z,Lequint Allen,NA,Player Touchdowns,1.5,51,TAB
Denver Broncos v Jacksonville Jaguars,2025-12-21T21:05:00.000Z,Liljordan Humphrey,NA,Player Touchdowns,0.5,7.5,TAB
Denver Broncos v Jacksonville Jaguars,2025-12-21T21:05:00.000Z,Liljordan Humphrey,NA,Player Touchdowns,1.5,67,TAB
Denver Broncos v Jacksonville Jaguars,2025-12-21T21:05:00.000Z,Marvin Mims,NA,Player Touchdowns,0.5,5.25,TAB
Denver Broncos v Jacksonville Jaguars,2025-12-21T21:05:00.000Z,Marvin Mims,NA,Player Touchdowns,1.5,41,TAB
Denver Broncos v Jacksonville Jaguars,2025-12-21T21:05:00.000Z,Nate Adkins,Denver Broncos,Player Touchdowns,0.5,13,TAB
Denver Broncos v Jacksonville Jaguars,2025-12-21T21:05:00.000Z,Nate Adkins,Denver Broncos,Player Touchdowns,1.5,101,TAB
Denver Broncos v Jacksonville Jaguars,2025-12-21T21:05:00.000Z,Parker Washington,Jacksonville Jaguars,Player Touchdowns,0.5,4.75,TAB
Denver Broncos v Jacksonville Jaguars,2025-12-21T21:05:00.000Z,Parker Washington,Jacksonville Jaguars,Player Touchdowns,1.5,34,TAB
Denver Broncos v Jacksonville Jaguars,2025-12-21T21:05:00.000Z,Pat Bryant,Denver Broncos,Player Touchdowns,0.5,4.5,TAB
Denver Broncos v Jacksonville Jaguars,2025-12-21T21:05:00.000Z,Pat Bryant,Denver Broncos,Player Touchdowns,1.5,34,TAB
Denver Broncos v Jacksonville Jaguars,2025-12-21T21:05:00.000Z,Quintin Morris,Jacksonville Jaguars,Player Touchdowns,0.5,21,TAB
Denver Broncos v Jacksonville Jaguars,2025-12-21T21:05:00.000Z,Quintin Morris,Jacksonville Jaguars,Player Touchdowns,1.5,101,TAB
Denver Broncos v Jacksonville Jaguars,2025-12-21T21:05:00.000Z,Rj Harvey,NA,Player Touchdowns,0.5,1.87,TAB
Denver Broncos v Jacksonville Jaguars,2025-12-21T21:05:00.000Z,Rj Harvey,NA,Player Touchdowns,1.5,4.75,TAB
Denver Broncos v Jacksonville Jaguars,2025-12-21T21:05:00.000Z,Tim Patrick,Jacksonville Jaguars,Player Touchdowns,0.5,7.5,TAB
Denver Broncos v Jacksonville Jaguars,2025-12-21T21:05:00.000Z,Tim Patrick,Jacksonville Jaguars,Player Touchdowns,1.5,101,TAB
Denver Broncos v Jacksonville Jaguars,2025-12-21T21:05:00.000Z,Travis Etienne,Jacksonville Jaguars,Player Touchdowns,0.5,2,TAB
Denver Broncos v Jacksonville Jaguars,2025-12-21T21:05:00.000Z,Travis Etienne,Jacksonville Jaguars,Player Touchdowns,1.5,5,TAB
Denver Broncos v Jacksonville Jaguars,2025-12-21T21:05:00.000Z,Trevor Lawrence,Jacksonville Jaguars,Player Touchdowns,0.5,3.5,TAB
Denver Broncos v Jacksonville Jaguars,2025-12-21T21:05:00.000Z,Trevor Lawrence,Jacksonville Jaguars,Player Touchdowns,1.5,19,TAB
Denver Broncos v Jacksonville Jaguars,2025-12-21T21:05:00.000Z,Troy Franklin,Denver Broncos,Player Touchdowns,0.5,3.5,TAB
Denver Broncos v Jacksonville Jaguars,2025-12-21T21:05:00.000Z,Troy Franklin,Denver Broncos,Player Touchdowns,1.5,21,TAB
Denver Broncos v Jacksonville Jaguars,2025-12-21T21:05:00.000Z,Tyler Badie,Denver Broncos,Player Touchdowns,0.5,19,TAB
Denver Broncos v Jacksonville Jaguars,2025-12-21T21:05:00.000Z,Tyler Badie,Denver Broncos,Player Touchdowns,1.5,101,TAB
Detroit Lions v Pittsburgh Steelers,2025-12-21T21:25:00.000Z,Aaron Rodgers,Pittsburgh Steelers,Player Touchdowns,0.5,19,TAB
Detroit Lions v Pittsburgh Steelers,2025-12-21T21:25:00.000Z,Aaron Rodgers,Pittsburgh Steelers,Player Touchdowns,1.5,101,TAB
Detroit Lions v Pittsburgh Steelers,2025-12-21T21:25:00.000Z,Adam Thielen,Pittsburgh Steelers,Player Touchdowns,0.5,8,TAB
Detroit Lions v Pittsburgh Steelers,2025-12-21T21:25:00.000Z,Adam Thielen,Pittsburgh Steelers,Player Touchdowns,1.5,101,TAB
Detroit Lions v Pittsburgh Steelers,2025-12-21T21:25:00.000Z,Amon-Ra St-Brown,NA,Player Touchdowns,0.5,1.9,TAB
Detroit Lions v Pittsburgh Steelers,2025-12-21T21:25:00.000Z,Amon-Ra St-Brown,NA,Player Touchdowns,1.5,5,TAB
Detroit Lions v Pittsburgh Steelers,2025-12-21T21:25:00.000Z,Anthony Firkser,Detroit Lions,Player Touchdowns,0.5,5.25,TAB
Detroit Lions v Pittsburgh Steelers,2025-12-21T21:25:00.000Z,Anthony Firkser,Detroit Lions,Player Touchdowns,1.5,41,TAB
Detroit Lions v Pittsburgh Steelers,2025-12-21T21:25:00.000Z,Ben Skowronek,Pittsburgh Steelers,Player Touchdowns,0.5,15,TAB
Detroit Lions v Pittsburgh Steelers,2025-12-21T21:25:00.000Z,Ben Skowronek,Pittsburgh Steelers,Player Touchdowns,1.5,101,TAB
Detroit Lions v Pittsburgh Steelers,2025-12-21T21:25:00.000Z,Calvin Austin,NA,Player Touchdowns,0.5,6.5,TAB
Detroit Lions v Pittsburgh Steelers,2025-12-21T21:25:00.000Z,Calvin Austin,NA,Player Touchdowns,1.5,67,TAB
Detroit Lions v Pittsburgh Steelers,2025-12-21T21:25:00.000Z,Connor Heyward,Pittsburgh Steelers,Player Touchdowns,0.5,15,TAB
Detroit Lions v Pittsburgh Steelers,2025-12-21T21:25:00.000Z,Connor Heyward,Pittsburgh Steelers,Player Touchdowns,1.5,101,TAB
Detroit Lions v Pittsburgh Steelers,2025-12-21T21:25:00.000Z,DK Metcalf,Pittsburgh Steelers,Player Touchdowns,0.5,2.4,TAB
Detroit Lions v Pittsburgh Steelers,2025-12-21T21:25:00.000Z,DK Metcalf,Pittsburgh Steelers,Player Touchdowns,1.5,7.5,TAB
Detroit Lions v Pittsburgh Steelers,2025-12-21T21:25:00.000Z,Darnell Washington,Pittsburgh Steelers,Player Touchdowns,0.5,5.5,TAB
Detroit Lions v Pittsburgh Steelers,2025-12-21T21:25:00.000Z,Darnell Washington,Pittsburgh Steelers,Player Touchdowns,1.5,51,TAB
Detroit Lions v Pittsburgh Steelers,2025-12-21T21:25:00.000Z,David Montgomery,Detroit Lions,Player Touchdowns,0.5,2.1,TAB
Detroit Lions v Pittsburgh Steelers,2025-12-21T21:25:00.000Z,David Montgomery,Detroit Lions,Player Touchdowns,1.5,6,TAB
Detroit Lions v Pittsburgh Steelers,2025-12-21T21:25:00.000Z,Giovanni Ricci,Detroit Lions,Player Touchdowns,0.5,13,TAB
Detroit Lions v Pittsburgh Steelers,2025-12-21T21:25:00.000Z,Giovanni Ricci,Detroit Lions,Player Touchdowns,1.5,101,TAB
Detroit Lions v Pittsburgh Steelers,2025-12-21T21:25:00.000Z,Isaac Teslaa,NA,Player Touchdowns,0.5,4,TAB
Detroit Lions v Pittsburgh Steelers,2025-12-21T21:25:00.000Z,Isaac Teslaa,NA,Player Touchdowns,1.5,23,TAB
Detroit Lions v Pittsburgh Steelers,2025-12-21T21:25:00.000Z,Jacob Saylors,Detroit Lions,Player Touchdowns,0.5,15,TAB
Detroit Lions v Pittsburgh Steelers,2025-12-21T21:25:00.000Z,Jacob Saylors,Detroit Lions,Player Touchdowns,1.5,101,TAB
Detroit Lions v Pittsburgh Steelers,2025-12-21T21:25:00.000Z,Jahmyr Gibbs,Detroit Lions,Player Touchdowns,0.5,1.45,TAB
Detroit Lions v Pittsburgh Steelers,2025-12-21T21:25:00.000Z,Jahmyr Gibbs,Detroit Lions,Player Touchdowns,1.5,2.7,TAB
Detroit Lions v Pittsburgh Steelers,2025-12-21T21:25:00.000Z,Jameson Williams,Detroit Lions,Player Touchdowns,0.5,2,TAB
Detroit Lions v Pittsburgh Steelers,2025-12-21T21:25:00.000Z,Jameson Williams,Detroit Lions,Player Touchdowns,1.5,6,TAB
Detroit Lions v Pittsburgh Steelers,2025-12-21T21:25:00.000Z,Jared Goff,Detroit Lions,Player Touchdowns,0.5,13,TAB
Detroit Lions v Pittsburgh Steelers,2025-12-21T21:25:00.000Z,Jared Goff,Detroit Lions,Player Touchdowns,1.5,101,TAB
Detroit Lions v Pittsburgh Steelers,2025-12-21T21:25:00.000Z,Jaylen Warren,Pittsburgh Steelers,Player Touchdowns,0.5,2.25,TAB
Detroit Lions v Pittsburgh Steelers,2025-12-21T21:25:00.000Z,Jaylen Warren,Pittsburgh Steelers,Player Touchdowns,1.5,6.5,TAB
Detroit Lions v Pittsburgh Steelers,2025-12-21T21:25:00.000Z,Jonnu Smith,Pittsburgh Steelers,Player Touchdowns,0.5,6.5,TAB
Detroit Lions v Pittsburgh Steelers,2025-12-21T21:25:00.000Z,Jonnu Smith,Pittsburgh Steelers,Player Touchdowns,1.5,81,TAB
Detroit Lions v Pittsburgh Steelers,2025-12-21T21:25:00.000Z,Kaleb Johnson,Pittsburgh Steelers,Player Touchdowns,0.5,7.5,TAB
Detroit Lions v Pittsburgh Steelers,2025-12-21T21:25:00.000Z,Kaleb Johnson,Pittsburgh Steelers,Player Touchdowns,1.5,101,TAB
Detroit Lions v Pittsburgh Steelers,2025-12-21T21:25:00.000Z,Kalif Raymond,Detroit Lions,Player Touchdowns,0.5,6.5,TAB
Detroit Lions v Pittsburgh Steelers,2025-12-21T21:25:00.000Z,Kalif Raymond,Detroit Lions,Player Touchdowns,1.5,67,TAB
Detroit Lions v Pittsburgh Steelers,2025-12-21T21:25:00.000Z,Kenneth Gainwell,Pittsburgh Steelers,Player Touchdowns,0.5,2.5,TAB
Detroit Lions v Pittsburgh Steelers,2025-12-21T21:25:00.000Z,Kenneth Gainwell,Pittsburgh Steelers,Player Touchdowns,1.5,8.5,TAB
Detroit Lions v Pittsburgh Steelers,2025-12-21T21:25:00.000Z,M(Pit) Valdes-Scantling,NA,Player Touchdowns,0.5,6,TAB
Detroit Lions v Pittsburgh Steelers,2025-12-21T21:25:00.000Z,M(Pit) Valdes-Scantling,NA,Player Touchdowns,1.5,81,TAB
Detroit Lions v Pittsburgh Steelers,2025-12-21T21:25:00.000Z,Pat Freiermuth,Pittsburgh Steelers,Player Touchdowns,0.5,4.75,TAB
Detroit Lions v Pittsburgh Steelers,2025-12-21T21:25:00.000Z,Pat Freiermuth,Pittsburgh Steelers,Player Touchdowns,1.5,34,TAB
Detroit Lions v Pittsburgh Steelers,2025-12-21T21:25:00.000Z,Scotty Miller,NA,Player Touchdowns,0.5,21,TAB
Detroit Lions v Pittsburgh Steelers,2025-12-21T21:25:00.000Z,Scotty Miller,NA,Player Touchdowns,1.5,101,TAB
Detroit Lions v Pittsburgh Steelers,2025-12-21T21:25:00.000Z,Shane Zylstra,Detroit Lions,Player Touchdowns,0.5,8,TAB
Detroit Lions v Pittsburgh Steelers,2025-12-21T21:25:00.000Z,Shane Zylstra,Detroit Lions,Player Touchdowns,1.5,101,TAB
Detroit Lions v Pittsburgh Steelers,2025-12-21T21:25:00.000Z,Tom Kennedy,Detroit Lions,Player Touchdowns,0.5,19,TAB
Detroit Lions v Pittsburgh Steelers,2025-12-21T21:25:00.000Z,Tom Kennedy,Detroit Lions,Player Touchdowns,1.5,101,TAB
Houston Texans v Las Vegas Raiders,2025-12-21T21:25:00.000Z,Ashton Jeanty,Las Vegas Raiders,Player Touchdowns,0.5,2.3,TAB
Houston Texans v Las Vegas Raiders,2025-12-21T21:25:00.000Z,Ashton Jeanty,Las Vegas Raiders,Player Touchdowns,1.5,8,TAB
Houston Texans v Las Vegas Raiders,2025-12-21T21:25:00.000Z,British Brooks,Houston Texans,Player Touchdowns,0.5,15,TAB
Houston Texans v Las Vegas Raiders,2025-12-21T21:25:00.000Z,British Brooks,Houston Texans,Player Touchdowns,1.5,101,TAB
Houston Texans v Las Vegas Raiders,2025-12-21T21:25:00.000Z,Brock Bowers,Las Vegas Raiders,Player Touchdowns,0.5,3.75,TAB
Houston Texans v Las Vegas Raiders,2025-12-21T21:25:00.000Z,Brock Bowers,Las Vegas Raiders,Player Touchdowns,1.5,26,TAB
Houston Texans v Las Vegas Raiders,2025-12-21T21:25:00.000Z,C.j. Stroud,NA,Player Touchdowns,0.5,6.5,TAB
Houston Texans v Las Vegas Raiders,2025-12-21T21:25:00.000Z,C.j. Stroud,NA,Player Touchdowns,1.5,67,TAB
Houston Texans v Las Vegas Raiders,2025-12-21T21:25:00.000Z,Cade Stover,Houston Texans,Player Touchdowns,0.5,10,TAB
Houston Texans v Las Vegas Raiders,2025-12-21T21:25:00.000Z,Cade Stover,Houston Texans,Player Touchdowns,1.5,101,TAB
Houston Texans v Las Vegas Raiders,2025-12-21T21:25:00.000Z,Christian Kirk,Houston Texans,Player Touchdowns,0.5,8,TAB
Houston Texans v Las Vegas Raiders,2025-12-21T21:25:00.000Z,Christian Kirk,Houston Texans,Player Touchdowns,1.5,101,TAB
Houston Texans v Las Vegas Raiders,2025-12-21T21:25:00.000Z,Dalton Schultz,Houston Texans,Player Touchdowns,0.5,3.25,TAB
Houston Texans v Las Vegas Raiders,2025-12-21T21:25:00.000Z,Dalton Schultz,Houston Texans,Player Touchdowns,1.5,15,TAB
Houston Texans v Las Vegas Raiders,2025-12-21T21:25:00.000Z,Dare Ogunbowale,Houston Texans,Player Touchdowns,0.5,6,TAB
Houston Texans v Las Vegas Raiders,2025-12-21T21:25:00.000Z,Dare Ogunbowale,Houston Texans,Player Touchdowns,1.5,81,TAB
Houston Texans v Las Vegas Raiders,2025-12-21T21:25:00.000Z,Donte Thornton,NA,Player Touchdowns,0.5,15,TAB
Houston Texans v Las Vegas Raiders,2025-12-21T21:25:00.000Z,Donte Thornton,NA,Player Touchdowns,1.5,101,TAB
Houston Texans v Las Vegas Raiders,2025-12-21T21:25:00.000Z,Dylan Laube,Las Vegas Raiders,Player Touchdowns,0.5,11,TAB
Houston Texans v Las Vegas Raiders,2025-12-21T21:25:00.000Z,Dylan Laube,Las Vegas Raiders,Player Touchdowns,1.5,101,TAB
Houston Texans v Las Vegas Raiders,2025-12-21T21:25:00.000Z,Geno Smith,Las Vegas Raiders,Player Touchdowns,0.5,11,TAB
Houston Texans v Las Vegas Raiders,2025-12-21T21:25:00.000Z,Geno Smith,Las Vegas Raiders,Player Touchdowns,1.5,101,TAB
Houston Texans v Las Vegas Raiders,2025-12-21T21:25:00.000Z,Harrison Bryant,Houston Texans,Player Touchdowns,0.5,19,TAB
Houston Texans v Las Vegas Raiders,2025-12-21T21:25:00.000Z,Harrison Bryant,Houston Texans,Player Touchdowns,1.5,101,TAB
Houston Texans v Las Vegas Raiders,2025-12-21T21:25:00.000Z,Ian Thomas,Las Vegas Raiders,Player Touchdowns,0.5,19,TAB
Houston Texans v Las Vegas Raiders,2025-12-21T21:25:00.000Z,Ian Thomas,Las Vegas Raiders,Player Touchdowns,1.5,101,TAB
Houston Texans v Las Vegas Raiders,2025-12-21T21:25:00.000Z,Jack Bech,Las Vegas Raiders,Player Touchdowns,0.5,7,TAB
Houston Texans v Las Vegas Raiders,2025-12-21T21:25:00.000Z,Jack Bech,Las Vegas Raiders,Player Touchdowns,1.5,67,TAB
Houston Texans v Las Vegas Raiders,2025-12-21T21:25:00.000Z,Jawhar Jordan,Houston Texans,Player Touchdowns,0.5,3.5,TAB
Houston Texans v Las Vegas Raiders,2025-12-21T21:25:00.000Z,Jawhar Jordan,Houston Texans,Player Touchdowns,1.5,13,TAB
Houston Texans v Las Vegas Raiders,2025-12-21T21:25:00.000Z,Jayden Higgins,Houston Texans,Player Touchdowns,0.5,3.75,TAB
Houston Texans v Las Vegas Raiders,2025-12-21T21:25:00.000Z,Jayden Higgins,Houston Texans,Player Touchdowns,1.5,21,TAB
Houston Texans v Las Vegas Raiders,2025-12-21T21:25:00.000Z,Jaylin Noel,Houston Texans,Player Touchdowns,0.5,9,TAB
Houston Texans v Las Vegas Raiders,2025-12-21T21:25:00.000Z,Jaylin Noel,Houston Texans,Player Touchdowns,1.5,101,TAB
Houston Texans v Las Vegas Raiders,2025-12-21T21:25:00.000Z,Michael Mayer,Las Vegas Raiders,Player Touchdowns,0.5,17,TAB
Houston Texans v Las Vegas Raiders,2025-12-21T21:25:00.000Z,Michael Mayer,Las Vegas Raiders,Player Touchdowns,1.5,101,TAB
Houston Texans v Las Vegas Raiders,2025-12-21T21:25:00.000Z,Nick Chubb,Houston Texans,Player Touchdowns,0.5,3,TAB
Houston Texans v Las Vegas Raiders,2025-12-21T21:25:00.000Z,Nick Chubb,Houston Texans,Player Touchdowns,1.5,13,TAB
Houston Texans v Las Vegas Raiders,2025-12-21T21:25:00.000Z,Nico Collins,Houston Texans,Player Touchdowns,0.5,2.1,TAB
Houston Texans v Las Vegas Raiders,2025-12-21T21:25:00.000Z,Nico Collins,Houston Texans,Player Touchdowns,1.5,6.5,TAB
Houston Texans v Las Vegas Raiders,2025-12-21T21:25:00.000Z,Raheem Mostert,Las Vegas Raiders,Player Touchdowns,0.5,10,TAB
Houston Texans v Las Vegas Raiders,2025-12-21T21:25:00.000Z,Raheem Mostert,Las Vegas Raiders,Player Touchdowns,1.5,101,TAB
Houston Texans v Las Vegas Raiders,2025-12-21T21:25:00.000Z,Tre Tucker,Las Vegas Raiders,Player Touchdowns,0.5,5,TAB
Houston Texans v Las Vegas Raiders,2025-12-21T21:25:00.000Z,Tre Tucker,Las Vegas Raiders,Player Touchdowns,1.5,41,TAB
Houston Texans v Las Vegas Raiders,2025-12-21T21:25:00.000Z,Tyler Lockett,Las Vegas Raiders,Player Touchdowns,0.5,7.5,TAB
Houston Texans v Las Vegas Raiders,2025-12-21T21:25:00.000Z,Tyler Lockett,Las Vegas Raiders,Player Touchdowns,1.5,101,TAB
Houston Texans v Las Vegas Raiders,2025-12-21T21:25:00.000Z,Woody Marks,Houston Texans,Player Touchdowns,0.5,2.05,TAB
Houston Texans v Las Vegas Raiders,2025-12-21T21:25:00.000Z,Woody Marks,Houston Texans,Player Touchdowns,1.5,6,TAB
Houston Texans v Las Vegas Raiders,2025-12-21T21:25:00.000Z,Xavier Hutchinson,Houston Texans,Player Touchdowns,0.5,7,TAB
Houston Texans v Las Vegas Raiders,2025-12-21T21:25:00.000Z,Xavier Hutchinson,Houston Texans,Player Touchdowns,1.5,81,TAB
Baltimore Ravens v New England Patriots,2025-12-22T01:20:00.000Z,Austin Hooper,New England Patriots,Player Touchdowns,0.5,9,TAB
Baltimore Ravens v New England Patriots,2025-12-22T01:20:00.000Z,Austin Hooper,New England Patriots,Player Touchdowns,1.5,101,TAB
Baltimore Ravens v New England Patriots,2025-12-22T01:20:00.000Z,Charlie Kolar,Baltimore Ravens,Player Touchdowns,0.5,11,TAB
Baltimore Ravens v New England Patriots,2025-12-22T01:20:00.000Z,Charlie Kolar,Baltimore Ravens,Player Touchdowns,1.5,101,TAB
Baltimore Ravens v New England Patriots,2025-12-22T01:20:00.000Z,DeAndre Hopkins,Baltimore Ravens,Player Touchdowns,0.5,6.5,TAB
Baltimore Ravens v New England Patriots,2025-12-22T01:20:00.000Z,DeAndre Hopkins,Baltimore Ravens,Player Touchdowns,1.5,67,TAB
Baltimore Ravens v New England Patriots,2025-12-22T01:20:00.000Z,Demario Douglas,NA,Player Touchdowns,0.5,7.5,TAB
Baltimore Ravens v New England Patriots,2025-12-22T01:20:00.000Z,Demario Douglas,NA,Player Touchdowns,1.5,101,TAB
Baltimore Ravens v New England Patriots,2025-12-22T01:20:00.000Z,Dernest Johnson,NA,Player Touchdowns,0.5,19,TAB
Baltimore Ravens v New England Patriots,2025-12-22T01:20:00.000Z,Dernest Johnson,NA,Player Touchdowns,1.5,101,TAB
Baltimore Ravens v New England Patriots,2025-12-22T01:20:00.000Z,Derrick Henry,Baltimore Ravens,Player Touchdowns,0.5,1.52,TAB
Baltimore Ravens v New England Patriots,2025-12-22T01:20:00.000Z,Derrick Henry,Baltimore Ravens,Player Touchdowns,1.5,3,TAB
Baltimore Ravens v New England Patriots,2025-12-22T01:20:00.000Z,Devontez Walker,Baltimore Ravens,Player Touchdowns,0.5,21,TAB
Baltimore Ravens v New England Patriots,2025-12-22T01:20:00.000Z,Devontez Walker,Baltimore Ravens,Player Touchdowns,1.5,101,TAB
Baltimore Ravens v New England Patriots,2025-12-22T01:20:00.000Z,Drake Maye,New England Patriots,Player Touchdowns,0.5,3.25,TAB
Baltimore Ravens v New England Patriots,2025-12-22T01:20:00.000Z,Drake Maye,New England Patriots,Player Touchdowns,1.5,15,TAB
Baltimore Ravens v New England Patriots,2025-12-22T01:20:00.000Z,Hunter Henry,New England Patriots,Player Touchdowns,0.5,2.9,TAB
Baltimore Ravens v New England Patriots,2025-12-22T01:20:00.000Z,Hunter Henry,New England Patriots,Player Touchdowns,1.5,13,TAB
Baltimore Ravens v New England Patriots,2025-12-22T01:20:00.000Z,Isaiah Likely,Baltimore Ravens,Player Touchdowns,0.5,2.9,TAB
Baltimore Ravens v New England Patriots,2025-12-22T01:20:00.000Z,Isaiah Likely,Baltimore Ravens,Player Touchdowns,1.5,13,TAB
Baltimore Ravens v New England Patriots,2025-12-22T01:20:00.000Z,Kayshon Boutte,New England Patriots,Player Touchdowns,0.5,3.5,TAB
Baltimore Ravens v New England Patriots,2025-12-22T01:20:00.000Z,Kayshon Boutte,New England Patriots,Player Touchdowns,1.5,19,TAB
Baltimore Ravens v New England Patriots,2025-12-22T01:20:00.000Z,Keaton Mitchell,Baltimore Ravens,Player Touchdowns,0.5,3.75,TAB
Baltimore Ravens v New England Patriots,2025-12-22T01:20:00.000Z,Keaton Mitchell,Baltimore Ravens,Player Touchdowns,1.5,17,TAB
Baltimore Ravens v New England Patriots,2025-12-22T01:20:00.000Z,Kyle Williams,New England Patriots,Player Touchdowns,0.5,13,TAB
Baltimore Ravens v New England Patriots,2025-12-22T01:20:00.000Z,Kyle Williams,New England Patriots,Player Touchdowns,1.5,101,TAB
Baltimore Ravens v New England Patriots,2025-12-22T01:20:00.000Z,Lamar Jackson,Baltimore Ravens,Player Touchdowns,0.5,3.25,TAB
Baltimore Ravens v New England Patriots,2025-12-22T01:20:00.000Z,Lamar Jackson,Baltimore Ravens,Player Touchdowns,1.5,13,TAB
Baltimore Ravens v New England Patriots,2025-12-22T01:20:00.000Z,Mack Hollins,New England Patriots,Player Touchdowns,0.5,3.5,TAB
Baltimore Ravens v New England Patriots,2025-12-22T01:20:00.000Z,Mack Hollins,New England Patriots,Player Touchdowns,1.5,21,TAB
Baltimore Ravens v New England Patriots,2025-12-22T01:20:00.000Z,Mark Andrews,Baltimore Ravens,Player Touchdowns,0.5,2.5,TAB
Baltimore Ravens v New England Patriots,2025-12-22T01:20:00.000Z,Mark Andrews,Baltimore Ravens,Player Touchdowns,1.5,9,TAB
Baltimore Ravens v New England Patriots,2025-12-22T01:20:00.000Z,Rasheen Ali,Baltimore Ravens,Player Touchdowns,0.5,11,TAB
Baltimore Ravens v New England Patriots,2025-12-22T01:20:00.000Z,Rasheen Ali,Baltimore Ravens,Player Touchdowns,1.5,101,TAB
Baltimore Ravens v New England Patriots,2025-12-22T01:20:00.000Z,Rashod Bateman,Baltimore Ravens,Player Touchdowns,0.5,5,TAB
Baltimore Ravens v New England Patriots,2025-12-22T01:20:00.000Z,Rashod Bateman,Baltimore Ravens,Player Touchdowns,1.5,34,TAB
Baltimore Ravens v New England Patriots,2025-12-22T01:20:00.000Z,Rhamondre Stevenson,New England Patriots,Player Touchdowns,0.5,2.5,TAB
Baltimore Ravens v New England Patriots,2025-12-22T01:20:00.000Z,Rhamondre Stevenson,New England Patriots,Player Touchdowns,1.5,8.5,TAB
Baltimore Ravens v New England Patriots,2025-12-22T01:20:00.000Z,Stefon Diggs,New England Patriots,Player Touchdowns,0.5,3,TAB
Baltimore Ravens v New England Patriots,2025-12-22T01:20:00.000Z,Stefon Diggs,New England Patriots,Player Touchdowns,1.5,13,TAB
Baltimore Ravens v New England Patriots,2025-12-22T01:20:00.000Z,Treveyon Henderson,NA,Player Touchdowns,0.5,1.9,TAB
Baltimore Ravens v New England Patriots,2025-12-22T01:20:00.000Z,Treveyon Henderson,NA,Player Touchdowns,1.5,4.75,TAB
Baltimore Ravens v New England Patriots,2025-12-22T01:20:00.000Z,Zay Flowers,Baltimore Ravens,Player Touchdowns,0.5,2.7,TAB
Baltimore Ravens v New England Patriots,2025-12-22T01:20:00.000Z,Zay Flowers,Baltimore Ravens,Player Touchdowns,1.5,11,TAB
Indianapolis Colts v San Francisco 49ers,2025-12-23T01:15:00.000Z,Alec Pierce,Indianapolis Colts,Player Touchdowns,0.5,5.25,TAB
Indianapolis Colts v San Francisco 49ers,2025-12-23T01:15:00.000Z,Alec Pierce,Indianapolis Colts,Player Touchdowns,1.5,41,TAB
Indianapolis Colts v San Francisco 49ers,2025-12-23T01:15:00.000Z,Ameer Abdullah,Indianapolis Colts,Player Touchdowns,0.5,4.5,TAB
Indianapolis Colts v San Francisco 49ers,2025-12-23T01:15:00.000Z,Ameer Abdullah,Indianapolis Colts,Player Touchdowns,1.5,34,TAB
Indianapolis Colts v San Francisco 49ers,2025-12-23T01:15:00.000Z,Anthony Gould,Indianapolis Colts,Player Touchdowns,0.5,19,TAB
Indianapolis Colts v San Francisco 49ers,2025-12-23T01:15:00.000Z,Anthony Gould,Indianapolis Colts,Player Touchdowns,1.5,101,TAB
Indianapolis Colts v San Francisco 49ers,2025-12-23T01:15:00.000Z,Brian Robinson,San Francisco 49ers,Player Touchdowns,0.5,4,TAB
Indianapolis Colts v San Francisco 49ers,2025-12-23T01:15:00.000Z,Brian Robinson,San Francisco 49ers,Player Touchdowns,1.5,23,TAB
Indianapolis Colts v San Francisco 49ers,2025-12-23T01:15:00.000Z,Brock Purdy,San Francisco 49ers,Player Touchdowns,0.5,4.75,TAB
Indianapolis Colts v San Francisco 49ers,2025-12-23T01:15:00.000Z,Brock Purdy,San Francisco 49ers,Player Touchdowns,1.5,34,TAB
Indianapolis Colts v San Francisco 49ers,2025-12-23T01:15:00.000Z,Christian McCaffrey,San Francisco 49ers,Player Touchdowns,0.5,1.55,TAB
Indianapolis Colts v San Francisco 49ers,2025-12-23T01:15:00.000Z,Christian McCaffrey,San Francisco 49ers,Player Touchdowns,1.5,3.25,TAB
Indianapolis Colts v San Francisco 49ers,2025-12-23T01:15:00.000Z,Demarcus Robinson,San Francisco 49ers,Player Touchdowns,0.5,5.25,TAB
Indianapolis Colts v San Francisco 49ers,2025-12-23T01:15:00.000Z,Demarcus Robinson,San Francisco 49ers,Player Touchdowns,1.5,34,TAB
Indianapolis Colts v San Francisco 49ers,2025-12-23T01:15:00.000Z,George Kittle,San Francisco 49ers,Player Touchdowns,0.5,2.3,TAB
Indianapolis Colts v San Francisco 49ers,2025-12-23T01:15:00.000Z,George Kittle,San Francisco 49ers,Player Touchdowns,1.5,8.5,TAB
Indianapolis Colts v San Francisco 49ers,2025-12-23T01:15:00.000Z,Jacob Cowing,San Francisco 49ers,Player Touchdowns,0.5,8.5,TAB
Indianapolis Colts v San Francisco 49ers,2025-12-23T01:15:00.000Z,Jacob Cowing,San Francisco 49ers,Player Touchdowns,1.5,81,TAB
Indianapolis Colts v San Francisco 49ers,2025-12-23T01:15:00.000Z,Jauan Jennings,San Francisco 49ers,Player Touchdowns,0.5,2.5,TAB
Indianapolis Colts v San Francisco 49ers,2025-12-23T01:15:00.000Z,Jauan Jennings,San Francisco 49ers,Player Touchdowns,1.5,9,TAB
Indianapolis Colts v San Francisco 49ers,2025-12-23T01:15:00.000Z,Jonathan Taylor,Indianapolis Colts,Player Touchdowns,0.5,1.5,TAB
Indianapolis Colts v San Francisco 49ers,2025-12-23T01:15:00.000Z,Jonathan Taylor,Indianapolis Colts,Player Touchdowns,1.5,3,TAB
Indianapolis Colts v San Francisco 49ers,2025-12-23T01:15:00.000Z,Jordan Watkins,San Francisco 49ers,Player Touchdowns,0.5,19,TAB
Indianapolis Colts v San Francisco 49ers,2025-12-23T01:15:00.000Z,Jordan Watkins,San Francisco 49ers,Player Touchdowns,1.5,101,TAB
Indianapolis Colts v San Francisco 49ers,2025-12-23T01:15:00.000Z,Josh Downs,Indianapolis Colts,Player Touchdowns,0.5,6,TAB
Indianapolis Colts v San Francisco 49ers,2025-12-23T01:15:00.000Z,Josh Downs,Indianapolis Colts,Player Touchdowns,1.5,51,TAB
Indianapolis Colts v San Francisco 49ers,2025-12-23T01:15:00.000Z,Kendrick Bourne,San Francisco 49ers,Player Touchdowns,0.5,3.75,TAB
Indianapolis Colts v San Francisco 49ers,2025-12-23T01:15:00.000Z,Kendrick Bourne,San Francisco 49ers,Player Touchdowns,1.5,23,TAB
Indianapolis Colts v San Francisco 49ers,2025-12-23T01:15:00.000Z,Kyle Juszczyk,San Francisco 49ers,Player Touchdowns,0.5,9,TAB
Indianapolis Colts v San Francisco 49ers,2025-12-23T01:15:00.000Z,Kyle Juszczyk,San Francisco 49ers,Player Touchdowns,1.5,101,TAB
Indianapolis Colts v San Francisco 49ers,2025-12-23T01:15:00.000Z,Luke Farrell,San Francisco 49ers,Player Touchdowns,0.5,15,TAB
Indianapolis Colts v San Francisco 49ers,2025-12-23T01:15:00.000Z,Luke Farrell,San Francisco 49ers,Player Touchdowns,1.5,101,TAB
Indianapolis Colts v San Francisco 49ers,2025-12-23T01:15:00.000Z,Michael Pittman,Indianapolis Colts,Player Touchdowns,0.5,4.75,TAB
Indianapolis Colts v San Francisco 49ers,2025-12-23T01:15:00.000Z,Michael Pittman,Indianapolis Colts,Player Touchdowns,1.5,34,TAB
Indianapolis Colts v San Francisco 49ers,2025-12-23T01:15:00.000Z,Ricky Pearsall,San Francisco 49ers,Player Touchdowns,0.5,3.5,TAB
Indianapolis Colts v San Francisco 49ers,2025-12-23T01:15:00.000Z,Ricky Pearsall,San Francisco 49ers,Player Touchdowns,1.5,21,TAB
Indianapolis Colts v San Francisco 49ers,2025-12-23T01:15:00.000Z,Skyy Moore,San Francisco 49ers,Player Touchdowns,0.5,15,TAB
Indianapolis Colts v San Francisco 49ers,2025-12-23T01:15:00.000Z,Skyy Moore,San Francisco 49ers,Player Touchdowns,1.5,101,TAB
Indianapolis Colts v San Francisco 49ers,2025-12-23T01:15:00.000Z,Tyler Goodson,Indianapolis Colts,Player Touchdowns,0.5,10,TAB
Indianapolis Colts v San Francisco 49ers,2025-12-23T01:15:00.000Z,Tyler Goodson,Indianapolis Colts,Player Touchdowns,1.5,101,TAB
Indianapolis Colts v San Francisco 49ers,2025-12-23T01:15:00.000Z,Tyler Warren,Indianapolis Colts,Player Touchdowns,0.5,4.5,TAB
Indianapolis Colts v San Francisco 49ers,2025-12-23T01:15:00.000Z,Tyler Warren,Indianapolis Colts,Player Touchdowns,1.5,41,TAB
