match,start_time,player_name,player_team,market,line,over_price,under_price,margin,agency
Pittsburgh Steelers v Minnesota Vikings,2025-09-28T13:30:00.000Z,Aaron Rodgers,Pittsburgh Steelers,Passing Yards,149.5,1.1,NA,NA,TAB
Pittsburgh Steelers v Minnesota Vikings,2025-09-28T13:30:00.000Z,Aaron Rodgers,Pittsburgh Steelers,Passing Yards,199.5,1.65,NA,NA,TAB
Pittsburgh Steelers v Minnesota Vikings,2025-09-28T13:30:00.000Z,Aaron Rodgers,Pittsburgh Steelers,Passing Yards,220.5,2.15,1.65,1.071,TAB
Pittsburgh Steelers v Minnesota Vikings,2025-09-28T13:30:00.000Z,Aaron Rodgers,Pittsburgh Steelers,Passing Yards,249.5,3.4,NA,NA,TAB
Pittsburgh Steelers v Minnesota Vikings,2025-09-28T13:30:00.000Z,Aaron Rodgers,Pittsburgh Steelers,Passing Yards,299.5,10,NA,NA,TAB
Pittsburgh Steelers v Minnesota Vikings,2025-09-28T13:30:00.000Z,C Wentz,NA,Passing Yards,149.5,1.08,NA,NA,TAB
Pittsburgh Steelers v Minnesota Vikings,2025-09-28T13:30:00.000Z,C Wentz,NA,Passing Yards,199.5,1.55,NA,NA,TAB
Pittsburgh Steelers v Minnesota Vikings,2025-09-28T13:30:00.000Z,C Wentz,NA,Passing Yards,220.5,2,1.75,1.071,TAB
Pittsburgh Steelers v Minnesota Vikings,2025-09-28T13:30:00.000Z,C Wentz,NA,Passing Yards,249.5,3,NA,NA,TAB
Pittsburgh Steelers v Minnesota Vikings,2025-09-28T13:30:00.000Z,C Wentz,NA,Passing Yards,299.5,8,NA,NA,TAB
Atlanta Falcons v Washington Commanders,2025-09-28T17:00:00.000Z,M Mariota,NA,Passing Yards,149.5,1.18,NA,NA,TAB
Atlanta Falcons v Washington Commanders,2025-09-28T17:00:00.000Z,M Mariota,NA,Passing Yards,190.5,1.72,2.05,1.069,TAB
Atlanta Falcons v Washington Commanders,2025-09-28T17:00:00.000Z,M Mariota,NA,Passing Yards,199.5,1.9,NA,NA,TAB
Atlanta Falcons v Washington Commanders,2025-09-28T17:00:00.000Z,M Mariota,NA,Passing Yards,249.5,4.5,NA,NA,TAB
Atlanta Falcons v Washington Commanders,2025-09-28T17:00:00.000Z,M Mariota,NA,Passing Yards,299.5,13,NA,NA,TAB
Atlanta Falcons v Washington Commanders,2025-09-28T17:00:00.000Z,M Penix,NA,Passing Yards,149.5,1.08,NA,NA,TAB
Atlanta Falcons v Washington Commanders,2025-09-28T17:00:00.000Z,M Penix,NA,Passing Yards,199.5,1.55,NA,NA,TAB
Atlanta Falcons v Washington Commanders,2025-09-28T17:00:00.000Z,M Penix,NA,Passing Yards,220.5,2,1.75,1.071,TAB
Atlanta Falcons v Washington Commanders,2025-09-28T17:00:00.000Z,M Penix,NA,Passing Yards,249.5,3,NA,NA,TAB
Atlanta Falcons v Washington Commanders,2025-09-28T17:00:00.000Z,M Penix,NA,Passing Yards,299.5,8,NA,NA,TAB
Buffalo Bills v New Orleans Saints,2025-09-28T17:00:00.000Z,Josh Allen,Buffalo Bills,Passing Yards,149.5,1.06,NA,NA,TAB
Buffalo Bills v New Orleans Saints,2025-09-28T17:00:00.000Z,Josh Allen,Buffalo Bills,Passing Yards,199.5,1.48,NA,NA,TAB
Buffalo Bills v New Orleans Saints,2025-09-28T17:00:00.000Z,Josh Allen,Buffalo Bills,Passing Yards,220.5,1.9,1.85,1.067,TAB
Buffalo Bills v New Orleans Saints,2025-09-28T17:00:00.000Z,Josh Allen,Buffalo Bills,Passing Yards,249.5,2.8,NA,NA,TAB
Buffalo Bills v New Orleans Saints,2025-09-28T17:00:00.000Z,Josh Allen,Buffalo Bills,Passing Yards,299.5,7.5,NA,NA,TAB
Buffalo Bills v New Orleans Saints,2025-09-28T17:00:00.000Z,S Rattler,NA,Passing Yards,149.5,1.09,NA,NA,TAB
Buffalo Bills v New Orleans Saints,2025-09-28T17:00:00.000Z,S Rattler,NA,Passing Yards,199.5,1.62,NA,NA,TAB
Buffalo Bills v New Orleans Saints,2025-09-28T17:00:00.000Z,S Rattler,NA,Passing Yards,220.5,2.1,1.68,1.071,TAB
Buffalo Bills v New Orleans Saints,2025-09-28T17:00:00.000Z,S Rattler,NA,Passing Yards,249.5,3.3,NA,NA,TAB
Buffalo Bills v New Orleans Saints,2025-09-28T17:00:00.000Z,S Rattler,NA,Passing Yards,299.5,9,NA,NA,TAB
Detroit Lions v Cleveland Browns,2025-09-28T17:00:00.000Z,Jared Goff,Detroit Lions,Passing Yards,199.5,1.32,NA,NA,TAB
Detroit Lions v Cleveland Browns,2025-09-28T17:00:00.000Z,Jared Goff,Detroit Lions,Passing Yards,240.5,2.05,1.72,1.069,TAB
Detroit Lions v Cleveland Browns,2025-09-28T17:00:00.000Z,Jared Goff,Detroit Lions,Passing Yards,249.5,2.3,NA,NA,TAB
Detroit Lions v Cleveland Browns,2025-09-28T17:00:00.000Z,Jared Goff,Detroit Lions,Passing Yards,299.5,5.5,NA,NA,TAB
Detroit Lions v Cleveland Browns,2025-09-28T17:00:00.000Z,Jared Goff,Detroit Lions,Passing Yards,349.5,15,NA,NA,TAB
Detroit Lions v Cleveland Browns,2025-09-28T17:00:00.000Z,Joe Flacco,Cleveland Browns,Passing Yards,199.5,1.4,NA,NA,TAB
Detroit Lions v Cleveland Browns,2025-09-28T17:00:00.000Z,Joe Flacco,Cleveland Browns,Passing Yards,220.5,1.75,2,1.071,TAB
Detroit Lions v Cleveland Browns,2025-09-28T17:00:00.000Z,Joe Flacco,Cleveland Browns,Passing Yards,249.5,2.5,NA,NA,TAB
Detroit Lions v Cleveland Browns,2025-09-28T17:00:00.000Z,Joe Flacco,Cleveland Browns,Passing Yards,299.5,6.5,NA,NA,TAB
Detroit Lions v Cleveland Browns,2025-09-28T17:00:00.000Z,Joe Flacco,Cleveland Browns,Passing Yards,349.5,19,NA,NA,TAB
Houston Texans v Tennessee Titans,2025-09-28T17:00:00.000Z,C.J. Stroud,Houston Texans,Passing Yards,149.5,1.08,NA,NA,TAB
Houston Texans v Tennessee Titans,2025-09-28T17:00:00.000Z,C.J. Stroud,Houston Texans,Passing Yards,199.5,1.55,NA,NA,TAB
Houston Texans v Tennessee Titans,2025-09-28T17:00:00.000Z,C.J. Stroud,Houston Texans,Passing Yards,220.5,2,1.75,1.071,TAB
Houston Texans v Tennessee Titans,2025-09-28T17:00:00.000Z,C.J. Stroud,Houston Texans,Passing Yards,249.5,3.1,NA,NA,TAB
Houston Texans v Tennessee Titans,2025-09-28T17:00:00.000Z,C.J. Stroud,Houston Texans,Passing Yards,299.5,8.5,NA,NA,TAB
Houston Texans v Tennessee Titans,2025-09-28T17:00:00.000Z,Cam Ward,Tennessee Titans,Passing Yards,149.5,1.22,NA,NA,TAB
Houston Texans v Tennessee Titans,2025-09-28T17:00:00.000Z,Cam Ward,Tennessee Titans,Passing Yards,190.5,1.87,1.87,1.07,TAB
Houston Texans v Tennessee Titans,2025-09-28T17:00:00.000Z,Cam Ward,Tennessee Titans,Passing Yards,199.5,2.1,NA,NA,TAB
Houston Texans v Tennessee Titans,2025-09-28T17:00:00.000Z,Cam Ward,Tennessee Titans,Passing Yards,249.5,5.25,NA,NA,TAB
Houston Texans v Tennessee Titans,2025-09-28T17:00:00.000Z,Cam Ward,Tennessee Titans,Passing Yards,299.5,15,NA,NA,TAB
New England Patriots v Carolina Panthers,2025-09-28T17:00:00.000Z,Bryce Young,Carolina Panthers,Passing Yards,149.5,1.11,NA,NA,TAB
New England Patriots v Carolina Panthers,2025-09-28T17:00:00.000Z,Bryce Young,Carolina Panthers,Passing Yards,199.5,1.68,NA,NA,TAB
New England Patriots v Carolina Panthers,2025-09-28T17:00:00.000Z,Bryce Young,Carolina Panthers,Passing Yards,220.5,2.2,1.62,1.072,TAB
New England Patriots v Carolina Panthers,2025-09-28T17:00:00.000Z,Bryce Young,Carolina Panthers,Passing Yards,249.5,3.5,NA,NA,TAB
New England Patriots v Carolina Panthers,2025-09-28T17:00:00.000Z,Bryce Young,Carolina Panthers,Passing Yards,299.5,10,NA,NA,TAB
New England Patriots v Carolina Panthers,2025-09-28T17:00:00.000Z,Drake Maye,New England Patriots,Passing Yards,149.5,1.07,NA,NA,TAB
New England Patriots v Carolina Panthers,2025-09-28T17:00:00.000Z,Drake Maye,New England Patriots,Passing Yards,199.5,1.5,NA,NA,TAB
New England Patriots v Carolina Panthers,2025-09-28T17:00:00.000Z,Drake Maye,New England Patriots,Passing Yards,220.5,1.95,1.8,1.068,TAB
New England Patriots v Carolina Panthers,2025-09-28T17:00:00.000Z,Drake Maye,New England Patriots,Passing Yards,249.5,2.9,NA,NA,TAB
New England Patriots v Carolina Panthers,2025-09-28T17:00:00.000Z,Drake Maye,New England Patriots,Passing Yards,299.5,8,NA,NA,TAB
New York Giants v Los Angeles Chargers,2025-09-28T17:00:00.000Z,Jaxson Dart,New York Giants,Passing Yards,149.5,1.26,NA,NA,TAB
New York Giants v Los Angeles Chargers,2025-09-28T17:00:00.000Z,Jaxson Dart,New York Giants,Passing Yards,180.5,1.72,2.05,1.069,TAB
New York Giants v Los Angeles Chargers,2025-09-28T17:00:00.000Z,Jaxson Dart,New York Giants,Passing Yards,199.5,2.2,NA,NA,TAB
New York Giants v Los Angeles Chargers,2025-09-28T17:00:00.000Z,Jaxson Dart,New York Giants,Passing Yards,249.5,5.5,NA,NA,TAB
New York Giants v Los Angeles Chargers,2025-09-28T17:00:00.000Z,Jaxson Dart,New York Giants,Passing Yards,299.5,17,NA,NA,TAB
New York Giants v Los Angeles Chargers,2025-09-28T17:00:00.000Z,Justin Herbert,Los Angeles Chargers,Passing Yards,199.5,1.18,NA,NA,TAB
New York Giants v Los Angeles Chargers,2025-09-28T17:00:00.000Z,Justin Herbert,Los Angeles Chargers,Passing Yards,249.5,1.8,NA,NA,TAB
New York Giants v Los Angeles Chargers,2025-09-28T17:00:00.000Z,Justin Herbert,Los Angeles Chargers,Passing Yards,250.5,1.87,1.87,1.07,TAB
New York Giants v Los Angeles Chargers,2025-09-28T17:00:00.000Z,Justin Herbert,Los Angeles Chargers,Passing Yards,299.5,3.8,NA,NA,TAB
New York Giants v Los Angeles Chargers,2025-09-28T17:00:00.000Z,Justin Herbert,Los Angeles Chargers,Passing Yards,349.5,10,NA,NA,TAB
Tampa Bay Buccaneers v Philadelphia Eagles,2025-09-28T17:00:00.000Z,Baker Mayfield,Tampa Bay Buccaneers,Passing Yards,149.5,1.06,NA,NA,TAB
Tampa Bay Buccaneers v Philadelphia Eagles,2025-09-28T17:00:00.000Z,Baker Mayfield,Tampa Bay Buccaneers,Passing Yards,199.5,1.46,NA,NA,TAB
Tampa Bay Buccaneers v Philadelphia Eagles,2025-09-28T17:00:00.000Z,Baker Mayfield,Tampa Bay Buccaneers,Passing Yards,220.5,1.87,1.87,1.07,TAB
Tampa Bay Buccaneers v Philadelphia Eagles,2025-09-28T17:00:00.000Z,Baker Mayfield,Tampa Bay Buccaneers,Passing Yards,249.5,2.8,NA,NA,TAB
Tampa Bay Buccaneers v Philadelphia Eagles,2025-09-28T17:00:00.000Z,Baker Mayfield,Tampa Bay Buccaneers,Passing Yards,299.5,7.5,NA,NA,TAB
Tampa Bay Buccaneers v Philadelphia Eagles,2025-09-28T17:00:00.000Z,Baker Mayfield,Tampa Bay Buccaneers,Passing Yards,349.5,21,NA,NA,TAB
Tampa Bay Buccaneers v Philadelphia Eagles,2025-09-28T17:00:00.000Z,Jalen Hurts,Philadelphia Eagles,Passing Yards,149.5,1.16,NA,NA,TAB
Tampa Bay Buccaneers v Philadelphia Eagles,2025-09-28T17:00:00.000Z,Jalen Hurts,Philadelphia Eagles,Passing Yards,199.5,1.85,NA,NA,TAB
Tampa Bay Buccaneers v Philadelphia Eagles,2025-09-28T17:00:00.000Z,Jalen Hurts,Philadelphia Eagles,Passing Yards,200.5,1.87,1.87,1.07,TAB
Tampa Bay Buccaneers v Philadelphia Eagles,2025-09-28T17:00:00.000Z,Jalen Hurts,Philadelphia Eagles,Passing Yards,249.5,4,NA,NA,TAB
Tampa Bay Buccaneers v Philadelphia Eagles,2025-09-28T17:00:00.000Z,Jalen Hurts,Philadelphia Eagles,Passing Yards,299.5,11,NA,NA,TAB
Los Angeles Rams v Indianapolis Colts,2025-09-28T20:05:00.000Z,Daniel Jones,Indianapolis Colts,Passing Yards,149.5,1.08,NA,NA,TAB
Los Angeles Rams v Indianapolis Colts,2025-09-28T20:05:00.000Z,Daniel Jones,Indianapolis Colts,Passing Yards,199.5,1.55,NA,NA,TAB
Los Angeles Rams v Indianapolis Colts,2025-09-28T20:05:00.000Z,Daniel Jones,Indianapolis Colts,Passing Yards,220.5,2,1.75,1.071,TAB
Los Angeles Rams v Indianapolis Colts,2025-09-28T20:05:00.000Z,Daniel Jones,Indianapolis Colts,Passing Yards,249.5,3.1,NA,NA,TAB
Los Angeles Rams v Indianapolis Colts,2025-09-28T20:05:00.000Z,Daniel Jones,Indianapolis Colts,Passing Yards,299.5,8.5,NA,NA,TAB
Los Angeles Rams v Indianapolis Colts,2025-09-28T20:05:00.000Z,Matthew Stafford,Los Angeles Rams,Passing Yards,199.5,1.16,NA,NA,TAB
Los Angeles Rams v Indianapolis Colts,2025-09-28T20:05:00.000Z,Matthew Stafford,Los Angeles Rams,Passing Yards,249.5,1.72,NA,NA,TAB
Los Angeles Rams v Indianapolis Colts,2025-09-28T20:05:00.000Z,Matthew Stafford,Los Angeles Rams,Passing Yards,250.5,1.75,2,1.071,TAB
Los Angeles Rams v Indianapolis Colts,2025-09-28T20:05:00.000Z,Matthew Stafford,Los Angeles Rams,Passing Yards,299.5,3.4,NA,NA,TAB
Los Angeles Rams v Indianapolis Colts,2025-09-28T20:05:00.000Z,Matthew Stafford,Los Angeles Rams,Passing Yards,349.5,9,NA,NA,TAB
San Francisco 49ers v Jacksonville Jaguars,2025-09-28T20:05:00.000Z,Brock Purdy,San Francisco 49ers,Passing Yards,199.5,1.22,NA,NA,TAB
San Francisco 49ers v Jacksonville Jaguars,2025-09-28T20:05:00.000Z,Brock Purdy,San Francisco 49ers,Passing Yards,240.5,1.75,2,1.071,TAB
San Francisco 49ers v Jacksonville Jaguars,2025-09-28T20:05:00.000Z,Brock Purdy,San Francisco 49ers,Passing Yards,249.5,1.95,NA,NA,TAB
San Francisco 49ers v Jacksonville Jaguars,2025-09-28T20:05:00.000Z,Brock Purdy,San Francisco 49ers,Passing Yards,299.5,4.25,NA,NA,TAB
San Francisco 49ers v Jacksonville Jaguars,2025-09-28T20:05:00.000Z,Brock Purdy,San Francisco 49ers,Passing Yards,349.5,11,NA,NA,TAB
San Francisco 49ers v Jacksonville Jaguars,2025-09-28T20:05:00.000Z,Trevor Lawrence,Jacksonville Jaguars,Passing Yards,199.5,1.34,NA,NA,TAB
San Francisco 49ers v Jacksonville Jaguars,2025-09-28T20:05:00.000Z,Trevor Lawrence,Jacksonville Jaguars,Passing Yards,240.5,2.1,1.68,1.071,TAB
San Francisco 49ers v Jacksonville Jaguars,2025-09-28T20:05:00.000Z,Trevor Lawrence,Jacksonville Jaguars,Passing Yards,249.5,2.35,NA,NA,TAB
San Francisco 49ers v Jacksonville Jaguars,2025-09-28T20:05:00.000Z,Trevor Lawrence,Jacksonville Jaguars,Passing Yards,299.5,5.75,NA,NA,TAB
San Francisco 49ers v Jacksonville Jaguars,2025-09-28T20:05:00.000Z,Trevor Lawrence,Jacksonville Jaguars,Passing Yards,349.5,15,NA,NA,TAB
Kansas City Chiefs v Baltimore Ravens,2025-09-28T20:25:00.000Z,Lamar Jackson,Baltimore Ravens,Passing Yards,199.5,1.39,NA,NA,TAB
Kansas City Chiefs v Baltimore Ravens,2025-09-28T20:25:00.000Z,Lamar Jackson,Baltimore Ravens,Passing Yards,220.5,1.72,2.05,1.069,TAB
Kansas City Chiefs v Baltimore Ravens,2025-09-28T20:25:00.000Z,Lamar Jackson,Baltimore Ravens,Passing Yards,249.5,2.5,NA,NA,TAB
Kansas City Chiefs v Baltimore Ravens,2025-09-28T20:25:00.000Z,Lamar Jackson,Baltimore Ravens,Passing Yards,299.5,6.5,NA,NA,TAB
Kansas City Chiefs v Baltimore Ravens,2025-09-28T20:25:00.000Z,Lamar Jackson,Baltimore Ravens,Passing Yards,349.5,17,NA,NA,TAB
Kansas City Chiefs v Baltimore Ravens,2025-09-28T20:25:00.000Z,Patrick Mahomes,Kansas City Chiefs,Passing Yards,199.5,1.26,NA,NA,TAB
Kansas City Chiefs v Baltimore Ravens,2025-09-28T20:25:00.000Z,Patrick Mahomes,Kansas City Chiefs,Passing Yards,240.5,1.87,1.87,1.07,TAB
Kansas City Chiefs v Baltimore Ravens,2025-09-28T20:25:00.000Z,Patrick Mahomes,Kansas City Chiefs,Passing Yards,249.5,2.05,NA,NA,TAB
Kansas City Chiefs v Baltimore Ravens,2025-09-28T20:25:00.000Z,Patrick Mahomes,Kansas City Chiefs,Passing Yards,299.5,4.6,NA,NA,TAB
Kansas City Chiefs v Baltimore Ravens,2025-09-28T20:25:00.000Z,Patrick Mahomes,Kansas City Chiefs,Passing Yards,349.5,13,NA,NA,TAB
Las Vegas Raiders v Chicago Bears,2025-09-28T20:25:00.000Z,Caleb Williams,Chicago Bears,Passing Yards,199.5,1.36,NA,NA,TAB
Las Vegas Raiders v Chicago Bears,2025-09-28T20:25:00.000Z,Caleb Williams,Chicago Bears,Passing Yards,240.5,2.15,1.65,1.071,TAB
Las Vegas Raiders v Chicago Bears,2025-09-28T20:25:00.000Z,Caleb Williams,Chicago Bears,Passing Yards,249.5,2.4,NA,NA,TAB
Las Vegas Raiders v Chicago Bears,2025-09-28T20:25:00.000Z,Caleb Williams,Chicago Bears,Passing Yards,299.5,5.75,NA,NA,TAB
Las Vegas Raiders v Chicago Bears,2025-09-28T20:25:00.000Z,Caleb Williams,Chicago Bears,Passing Yards,349.5,17,NA,NA,TAB
Las Vegas Raiders v Chicago Bears,2025-09-28T20:25:00.000Z,Geno Smith,Las Vegas Raiders,Passing Yards,199.5,1.16,NA,NA,TAB
Las Vegas Raiders v Chicago Bears,2025-09-28T20:25:00.000Z,Geno Smith,Las Vegas Raiders,Passing Yards,249.5,1.72,NA,NA,TAB
Las Vegas Raiders v Chicago Bears,2025-09-28T20:25:00.000Z,Geno Smith,Las Vegas Raiders,Passing Yards,250.5,1.75,2,1.071,TAB
Las Vegas Raiders v Chicago Bears,2025-09-28T20:25:00.000Z,Geno Smith,Las Vegas Raiders,Passing Yards,299.5,3.5,NA,NA,TAB
Las Vegas Raiders v Chicago Bears,2025-09-28T20:25:00.000Z,Geno Smith,Las Vegas Raiders,Passing Yards,349.5,9,NA,NA,TAB
Dallas Cowboys v Green Bay Packers,2025-09-29T00:20:00.000Z,Dak Prescott,Dallas Cowboys,Passing Yards,199.5,1.29,NA,NA,TAB
Dallas Cowboys v Green Bay Packers,2025-09-29T00:20:00.000Z,Dak Prescott,Dallas Cowboys,Passing Yards,240.5,1.95,1.8,1.068,TAB
Dallas Cowboys v Green Bay Packers,2025-09-29T00:20:00.000Z,Dak Prescott,Dallas Cowboys,Passing Yards,249.5,2.15,NA,NA,TAB
Dallas Cowboys v Green Bay Packers,2025-09-29T00:20:00.000Z,Dak Prescott,Dallas Cowboys,Passing Yards,299.5,5,NA,NA,TAB
Dallas Cowboys v Green Bay Packers,2025-09-29T00:20:00.000Z,Dak Prescott,Dallas Cowboys,Passing Yards,349.5,13,NA,NA,TAB
Dallas Cowboys v Green Bay Packers,2025-09-29T00:20:00.000Z,Jordan Love,Green Bay Packers,Passing Yards,199.5,1.29,NA,NA,TAB
Dallas Cowboys v Green Bay Packers,2025-09-29T00:20:00.000Z,Jordan Love,Green Bay Packers,Passing Yards,240.5,1.95,1.8,1.068,TAB
Dallas Cowboys v Green Bay Packers,2025-09-29T00:20:00.000Z,Jordan Love,Green Bay Packers,Passing Yards,249.5,2.15,NA,NA,TAB
Dallas Cowboys v Green Bay Packers,2025-09-29T00:20:00.000Z,Jordan Love,Green Bay Packers,Passing Yards,299.5,5,NA,NA,TAB
Dallas Cowboys v Green Bay Packers,2025-09-29T00:20:00.000Z,Jordan Love,Green Bay Packers,Passing Yards,349.5,13,NA,NA,TAB
Miami Dolphins v New York Jets,2025-09-29T23:15:00.000Z,J Fields,NA,Passing Yards,149.5,1.26,NA,NA,TAB
Miami Dolphins v New York Jets,2025-09-29T23:15:00.000Z,J Fields,NA,Passing Yards,190.5,2,1.75,1.071,TAB
Miami Dolphins v New York Jets,2025-09-29T23:15:00.000Z,J Fields,NA,Passing Yards,199.5,2.25,NA,NA,TAB
Miami Dolphins v New York Jets,2025-09-29T23:15:00.000Z,J Fields,NA,Passing Yards,249.5,5.75,NA,NA,TAB
Miami Dolphins v New York Jets,2025-09-29T23:15:00.000Z,J Fields,NA,Passing Yards,299.5,17,NA,NA,TAB
Miami Dolphins v New York Jets,2025-09-29T23:15:00.000Z,Tua Tagovailoa,Miami Dolphins,Passing Yards,199.5,1.26,NA,NA,TAB
Miami Dolphins v New York Jets,2025-09-29T23:15:00.000Z,Tua Tagovailoa,Miami Dolphins,Passing Yards,240.5,1.87,1.87,1.07,TAB
Miami Dolphins v New York Jets,2025-09-29T23:15:00.000Z,Tua Tagovailoa,Miami Dolphins,Passing Yards,249.5,2.05,NA,NA,TAB
Miami Dolphins v New York Jets,2025-09-29T23:15:00.000Z,Tua Tagovailoa,Miami Dolphins,Passing Yards,299.5,4.6,NA,NA,TAB
Miami Dolphins v New York Jets,2025-09-29T23:15:00.000Z,Tua Tagovailoa,Miami Dolphins,Passing Yards,349.5,13,NA,NA,TAB
Denver Broncos v Cincinnati Bengals,2025-09-30T00:15:00.000Z,Bo Nix,Denver Broncos,Passing Yards,149.5,1.05,NA,NA,TAB
Denver Broncos v Cincinnati Bengals,2025-09-30T00:15:00.000Z,Bo Nix,Denver Broncos,Passing Yards,199.5,1.44,NA,NA,TAB
Denver Broncos v Cincinnati Bengals,2025-09-30T00:15:00.000Z,Bo Nix,Denver Broncos,Passing Yards,220.5,1.8,1.95,1.068,TAB
Denver Broncos v Cincinnati Bengals,2025-09-30T00:15:00.000Z,Bo Nix,Denver Broncos,Passing Yards,249.5,2.65,NA,NA,TAB
Denver Broncos v Cincinnati Bengals,2025-09-30T00:15:00.000Z,Bo Nix,Denver Broncos,Passing Yards,299.5,7,NA,NA,TAB
Denver Broncos v Cincinnati Bengals,2025-09-30T00:15:00.000Z,Bo Nix,Denver Broncos,Passing Yards,349.5,21,NA,NA,TAB
Denver Broncos v Cincinnati Bengals,2025-09-30T00:15:00.000Z,J Browning,NA,Passing Yards,149.5,1.06,NA,NA,TAB
Denver Broncos v Cincinnati Bengals,2025-09-30T00:15:00.000Z,J Browning,NA,Passing Yards,199.5,1.46,NA,NA,TAB
Denver Broncos v Cincinnati Bengals,2025-09-30T00:15:00.000Z,J Browning,NA,Passing Yards,220.5,1.85,1.9,1.067,TAB
Denver Broncos v Cincinnati Bengals,2025-09-30T00:15:00.000Z,J Browning,NA,Passing Yards,249.5,2.75,NA,NA,TAB
Denver Broncos v Cincinnati Bengals,2025-09-30T00:15:00.000Z,J Browning,NA,Passing Yards,299.5,7.5,NA,NA,TAB
Denver Broncos v Cincinnati Bengals,2025-09-30T00:15:00.000Z,J Browning,NA,Passing Yards,349.5,21,NA,NA,TAB
