,id,name,rot_num,line_id,price,handicap,selection,home_team,away_team
0,1598217373,Yes,302,4442190542,2.46,,Mike Evans (Anytime TD),Atlanta Falcons,Tampa Bay Buccaneers
1,1598217374,No,303,4442190543,1.552,,Mike Evans (Anytime TD),Atlanta Falcons,Tampa Bay Buccaneers
2,1598217391,Yes,302,4442986411,6.45,,Baker Mayfield (Anytime TD),Atlanta Falcons,Tampa Bay Buccaneers
3,1598217392,No,303,4442986412,1.1,,Baker Mayfield (Anytime TD),Atlanta Falcons,Tampa Bay Buccaneers
4,1598217406,Yes,302,4442752338,2.93,,Chris Godwin (Anytime TD),Atlanta Falcons,Tampa Bay Buccaneers
5,1598217407,No,303,4442752339,1.403,,Chris Godwin (Anytime TD),Atlanta Falcons,Tampa Bay Buccaneers
6,1598217424,Yes,302,4442189497,4.27,0.5,Cade Otton (Anytime TD),Atlanta Falcons,Tampa Bay Buccaneers
7,1598217425,No,303,4442189498,1.207,0.5,Cade Otton (Anytime TD),Atlanta Falcons,Tampa Bay Buccaneers
8,1598217427,Yes,302,4442189507,11.81,0.5,Payne Durham (Anytime TD),Atlanta Falcons,Tampa Bay Buccaneers
9,1598217428,No,303,4442189508,1.03,0.5,Payne Durham (Anytime TD),Atlanta Falcons,Tampa Bay Buccaneers
10,1598217433,Yes,302,4439178936,,0.5,Jalen McMillan (Anytime TD),Atlanta Falcons,Tampa Bay Buccaneers
11,1598217434,No,303,4439178937,,0.5,Jalen McMillan (Anytime TD),Atlanta Falcons,Tampa Bay Buccaneers
12,1598217448,Yes,302,4442630280,2.94,0.5,Rachaad White (Anytime TD),Atlanta Falcons,Tampa Bay Buccaneers
13,1598217449,No,303,4442630281,1.398,0.5,Rachaad White (Anytime TD),Atlanta Falcons,Tampa Bay Buccaneers
14,1598217460,Yes,302,4442511755,2.57,,Bucky Irving (Anytime TD),Atlanta Falcons,Tampa Bay Buccaneers
15,1598217461,No,303,4442511756,1.51,,Bucky Irving (Anytime TD),Atlanta Falcons,Tampa Bay Buccaneers
16,1598217463,Yes,302,4442189559,11.98,0.5,Kameron Johnson (Anytime TD),Atlanta Falcons,Tampa Bay Buccaneers
17,1598217464,No,303,4442189560,1.029,0.5,Kameron Johnson (Anytime TD),Atlanta Falcons,Tampa Bay Buccaneers
18,1598217658,Yes,302,4442189433,12.21,0.5,Kirk Cousins (Anytime TD),Atlanta Falcons,Tampa Bay Buccaneers
19,1598217659,No,303,4442189434,1.028,0.5,Kirk Cousins (Anytime TD),Atlanta Falcons,Tampa Bay Buccaneers
20,1598217670,Yes,302,4442700756,4.33,,Ray-Ray McCloud III (Anytime TD),Atlanta Falcons,Tampa Bay Buccaneers
21,1598217671,No,303,4442700757,1.203,,Ray-Ray McCloud III (Anytime TD),Atlanta Falcons,Tampa Bay Buccaneers
22,1598217679,Yes,302,4442189491,3.19,0.5,Darnell Mooney (Anytime TD),Atlanta Falcons,Tampa Bay Buccaneers
23,1598217680,No,303,4442189492,1.346,0.5,Darnell Mooney (Anytime TD),Atlanta Falcons,Tampa Bay Buccaneers
24,1598217694,Yes,302,4442552666,3.97,,Kyle Pitts (Anytime TD),Atlanta Falcons,Tampa Bay Buccaneers
25,1598217695,No,303,4442552667,1.235,,Kyle Pitts (Anytime TD),Atlanta Falcons,Tampa Bay Buccaneers
26,1598217703,Yes,302,4443033330,3.75,,Tyler Allgeier (Anytime TD),Atlanta Falcons,Tampa Bay Buccaneers
27,1598217704,No,303,4443033331,1.261,,Tyler Allgeier (Anytime TD),Atlanta Falcons,Tampa Bay Buccaneers
28,1598217718,Yes,302,4442852450,2.57,,Drake London (Anytime TD),Atlanta Falcons,Tampa Bay Buccaneers
29,1598217719,No,303,4442852451,1.507,,Drake London (Anytime TD),Atlanta Falcons,Tampa Bay Buccaneers
30,1598217728,No,303,4442189544,1.892,0.5,Bijan Robinson (Anytime TD),Atlanta Falcons,Tampa Bay Buccaneers
31,1598217727,Yes,302,4442189543,1.925,0.5,Bijan Robinson (Anytime TD),Atlanta Falcons,Tampa Bay Buccaneers
32,1598247532,Yes,302,4443051621,6.2,,Sterling Shepard (Anytime TD),Atlanta Falcons,Tampa Bay Buccaneers
33,1598247533,No,303,4443051622,1.107,,Sterling Shepard (Anytime TD),Atlanta Falcons,Tampa Bay Buccaneers
34,1598219554,Yes,302,4439454237,,0.5,KhaDarel Hodge (Anytime TD),Atlanta Falcons,Tampa Bay Buccaneers
35,1598219555,No,303,4439454238,,0.5,KhaDarel Hodge (Anytime TD),Atlanta Falcons,Tampa Bay Buccaneers
36,1598250645,Yes,452,4442449566,10.03,0.5,Aaron Rodgers (Anytime TD),Minnesota Vikings,New York Jets
37,1598250646,No,453,4442449567,1.043,0.5,Aaron Rodgers (Anytime TD),Minnesota Vikings,New York Jets
38,1598250654,Yes,452,4442500953,4.75,0.5,Mike Williams (Anytime TD),Minnesota Vikings,New York Jets
39,1598250655,No,453,4442500954,1.171,0.5,Mike Williams (Anytime TD),Minnesota Vikings,New York Jets
40,1598250663,Yes,452,4442500985,3.61,0.5,Allen Lazard (Anytime TD),Minnesota Vikings,New York Jets
41,1598250664,No,453,4442500986,1.279,0.5,Allen Lazard (Anytime TD),Minnesota Vikings,New York Jets
42,1598250672,Yes,452,4442500993,5.3,0.5,Tyler Conklin (Anytime TD),Minnesota Vikings,New York Jets
43,1598250673,No,453,4442500994,1.141,0.5,Tyler Conklin (Anytime TD),Minnesota Vikings,New York Jets
44,1598250675,Yes,452,4442501017,10.03,0.5,Jeremy Ruckert (Anytime TD),Minnesota Vikings,New York Jets
45,1598250676,No,453,4442501018,1.043,0.5,Jeremy Ruckert (Anytime TD),Minnesota Vikings,New York Jets
46,1598250684,Yes,452,4442501033,2.23,0.5,Breece Hall (Anytime TD),Minnesota Vikings,New York Jets
47,1598250685,No,453,4442501034,1.662,0.5,Breece Hall (Anytime TD),Minnesota Vikings,New York Jets
48,1598250693,Yes,452,4442501039,2.97,0.5,Garrett Wilson (Anytime TD),Minnesota Vikings,New York Jets
49,1598250694,No,453,4442501040,1.39,0.5,Garrett Wilson (Anytime TD),Minnesota Vikings,New York Jets
50,1598250696,Yes,452,4442501041,10.22,0.5,Xavier Gipson (Anytime TD),Minnesota Vikings,New York Jets
51,1598250697,No,453,4442501042,1.041,0.5,Xavier Gipson (Anytime TD),Minnesota Vikings,New York Jets
52,1598250705,Yes,452,4442501063,3.63,0.5,Braelon Allen (Anytime TD),Minnesota Vikings,New York Jets
53,1598250706,No,453,4442501064,1.276,0.5,Braelon Allen (Anytime TD),Minnesota Vikings,New York Jets
54,1598253809,Yes,452,4442464158,8.88,0.5,Josh Oliver (Anytime TD),Minnesota Vikings,New York Jets
55,1598253810,No,453,4442464159,1.054,0.5,Josh Oliver (Anytime TD),Minnesota Vikings,New York Jets
56,1598253892,Yes,452,4442500975,9.4,0.5,Brandon Powell (Anytime TD),Minnesota Vikings,New York Jets
57,1598253893,No,453,4442500976,1.048,0.5,Brandon Powell (Anytime TD),Minnesota Vikings,New York Jets
58,1598253918,Yes,452,4442501009,5.26,0.5,Ty Chandler (Anytime TD),Minnesota Vikings,New York Jets
59,1598253919,No,453,4442501010,1.143,0.5,Ty Chandler (Anytime TD),Minnesota Vikings,New York Jets
60,1598253984,No,453,4442464145,1.023,0.5,Trent Sherfield Sr. (Anytime TD),Minnesota Vikings,New York Jets
61,1598253983,Yes,452,4442464144,13.54,0.5,Trent Sherfield Sr. (Anytime TD),Minnesota Vikings,New York Jets
62,1598252869,Yes,452,4442458988,2.2,0.5,Aaron Jones (Anytime TD),Minnesota Vikings,New York Jets
63,1598252870,No,453,4442458989,1.68,0.5,Aaron Jones (Anytime TD),Minnesota Vikings,New York Jets
64,1598253039,Yes,452,4442994180,2.13,,Justin Jefferson (Anytime TD),Minnesota Vikings,New York Jets
65,1598253040,No,453,4442994181,1.729,,Justin Jefferson (Anytime TD),Minnesota Vikings,New York Jets
66,1598253246,Yes,452,4442501053,3.56,0.5,Jordan Addison (Anytime TD),Minnesota Vikings,New York Jets
67,1598253247,No,453,4442501054,1.284,0.5,Jordan Addison (Anytime TD),Minnesota Vikings,New York Jets
68,1598253305,Yes,452,4442465908,6.95,0.5,Sam Darnold (Anytime TD),Minnesota Vikings,New York Jets
69,1598253306,No,453,4442465909,1.086,0.5,Sam Darnold (Anytime TD),Minnesota Vikings,New York Jets
70,1598253480,Yes,452,4442465918,6.08,0.5,Jalen Nailor (Anytime TD),Minnesota Vikings,New York Jets
71,1598253481,No,453,4442465919,1.11,0.5,Jalen Nailor (Anytime TD),Minnesota Vikings,New York Jets
72,1598253668,Yes,452,4442500961,6.6,0.5,Johnny Mundt (Anytime TD),Minnesota Vikings,New York Jets
73,1598253669,No,453,4442500962,1.095,0.5,Johnny Mundt (Anytime TD),Minnesota Vikings,New York Jets
74,1598246043,Yes,464,4442238629,4.5,0.5,Zach Ertz (Anytime TD),Washington Commanders,Cleveland Browns
75,1598246044,No,465,4442238630,1.189,0.5,Zach Ertz (Anytime TD),Washington Commanders,Cleveland Browns
76,1598246052,Yes,464,4442238637,3.41,0.5,Amari Cooper (Anytime TD),Washington Commanders,Cleveland Browns
77,1598246053,No,465,4442238638,1.307,0.5,Amari Cooper (Anytime TD),Washington Commanders,Cleveland Browns
78,1598246061,Yes,464,4442216693,,0.5,Austin Ekeler (Anytime TD),Washington Commanders,Cleveland Browns
79,1598246062,No,465,4442216694,,0.5,Austin Ekeler (Anytime TD),Washington Commanders,Cleveland Browns
80,1598246073,Yes,464,4442238643,4.36,0.5,Deshaun Watson (Anytime TD),Washington Commanders,Cleveland Browns
81,1598246074,No,465,4442238644,1.199,0.5,Deshaun Watson (Anytime TD),Washington Commanders,Cleveland Browns
82,1598246082,Yes,464,4442152630,,0.5,D'Onta Foreman (Anytime TD),Washington Commanders,Cleveland Browns
83,1598246083,No,465,4442152631,,0.5,D'Onta Foreman (Anytime TD),Washington Commanders,Cleveland Browns
84,1598246091,Yes,464,4442237101,4.55,0.5,Noah Brown (Anytime TD),Washington Commanders,Cleveland Browns
85,1598246092,No,465,4442237102,1.186,0.5,Noah Brown (Anytime TD),Washington Commanders,Cleveland Browns
86,1598246100,Yes,464,4442238651,2.85,0.5,Terry McLaurin (Anytime TD),Washington Commanders,Cleveland Browns
87,1598246101,No,465,4442238652,1.421,0.5,Terry McLaurin (Anytime TD),Washington Commanders,Cleveland Browns
88,1598246103,Yes,464,4442237113,10.51,0.5,John Bates (Anytime TD),Washington Commanders,Cleveland Browns
89,1598246104,No,465,4442237114,1.039,0.5,John Bates (Anytime TD),Washington Commanders,Cleveland Browns
90,1598246112,Yes,464,4442237121,3.82,0.5,Jerry Jeudy (Anytime TD),Washington Commanders,Cleveland Browns
91,1598246113,No,465,4442237122,1.252,0.5,Jerry Jeudy (Anytime TD),Washington Commanders,Cleveland Browns
92,1598246121,Yes,464,4442843243,2.14,,Brian Robinson Jr. (Anytime TD),Washington Commanders,Cleveland Browns
93,1598246122,No,465,4442843244,1.724,,Brian Robinson Jr. (Anytime TD),Washington Commanders,Cleveland Browns
94,1598246124,Yes,464,4442233842,9.78,0.5,Dyami Brown (Anytime TD),Washington Commanders,Cleveland Browns
95,1598246125,No,465,4442233843,1.045,0.5,Dyami Brown (Anytime TD),Washington Commanders,Cleveland Browns
96,1598246127,Yes,464,4442238665,11.86,0.5,Cedric Tillman (Anytime TD),Washington Commanders,Cleveland Browns
97,1598246128,No,465,4442238666,1.03,0.5,Cedric Tillman (Anytime TD),Washington Commanders,Cleveland Browns
98,1598246136,Yes,464,4442152667,,0.5,Jerome Ford (Anytime TD),Washington Commanders,Cleveland Browns
99,1598246137,No,465,4442152668,,0.5,Jerome Ford (Anytime TD),Washington Commanders,Cleveland Browns
100,1598246142,Yes,464,4442238667,4.94,0.5,Elijah Moore (Anytime TD),Washington Commanders,Cleveland Browns
101,1598246143,No,465,4442238668,1.16,0.5,Elijah Moore (Anytime TD),Washington Commanders,Cleveland Browns
102,1598246154,Yes,464,4442840227,2.51,,Jayden Daniels (Anytime TD),Washington Commanders,Cleveland Browns
103,1598246155,No,465,4442840228,1.531,,Jayden Daniels (Anytime TD),Washington Commanders,Cleveland Browns
104,1598246157,Yes,464,4442233984,14.15,0.5,Ben Sinnott (Anytime TD),Washington Commanders,Cleveland Browns
105,1598246158,No,465,4442233985,1.021,0.5,Ben Sinnott (Anytime TD),Washington Commanders,Cleveland Browns
106,1598264942,Yes,454,4442359349,10.58,0.5,Andy Dalton (Anytime TD),Chicago Bears,Carolina Panthers
107,1598264943,No,455,4442359350,1.038,0.5,Andy Dalton (Anytime TD),Chicago Bears,Carolina Panthers
108,1598264954,Yes,454,4442359395,2.24,0.5,Chuba Hubbard (Anytime TD),Chicago Bears,Carolina Panthers
109,1598264955,No,455,4442359396,1.657,0.5,Chuba Hubbard (Anytime TD),Chicago Bears,Carolina Panthers
110,1598264963,Yes,454,4442554785,2.42,,D'Andre Swift (Anytime TD),Chicago Bears,Carolina Panthers
111,1598264964,No,455,4442554786,1.568,,D'Andre Swift (Anytime TD),Chicago Bears,Carolina Panthers
112,1598264972,Yes,454,4442359413,3.67,0.5,Roschon Johnson (Anytime TD),Chicago Bears,Carolina Panthers
113,1598264973,No,455,4442359414,1.271,0.5,Roschon Johnson (Anytime TD),Chicago Bears,Carolina Panthers
114,1598264981,Yes,454,4442359377,5.02,0.5,Miles Sanders (Anytime TD),Chicago Bears,Carolina Panthers
115,1598264982,No,455,4442359378,1.155,0.5,Miles Sanders (Anytime TD),Chicago Bears,Carolina Panthers
116,1598264984,Yes,454,4442212661,7.82,0.5,Khalil Herbert (Anytime TD),Chicago Bears,Carolina Panthers
117,1598264985,No,455,4442212662,1.069,0.5,Khalil Herbert (Anytime TD),Chicago Bears,Carolina Panthers
118,1598265017,Yes,454,4442359369,2.97,0.5,DJ Moore (Anytime TD),Chicago Bears,Carolina Panthers
119,1598265018,No,455,4442359370,1.392,0.5,DJ Moore (Anytime TD),Chicago Bears,Carolina Panthers
120,1598265061,Yes,454,4442359375,2.92,0.5,Diontae Johnson (Anytime TD),Chicago Bears,Carolina Panthers
121,1598265062,No,455,4442359376,1.403,0.5,Diontae Johnson (Anytime TD),Chicago Bears,Carolina Panthers
122,1598265117,Yes,454,4442359415,4.22,0.5,Jonathan Mingo (Anytime TD),Chicago Bears,Carolina Panthers
123,1598265118,No,455,4442359416,1.21,0.5,Jonathan Mingo (Anytime TD),Chicago Bears,Carolina Panthers
124,1598265164,Yes,454,4442359419,3.39,0.5,Xavier Legette (Anytime TD),Chicago Bears,Carolina Panthers
125,1598265165,No,455,4442359420,1.309,0.5,Xavier Legette (Anytime TD),Chicago Bears,Carolina Panthers
126,1598265296,Yes,454,4442359357,3.66,0.5,Keenan Allen (Anytime TD),Chicago Bears,Carolina Panthers
127,1598265297,No,455,4442359358,1.272,0.5,Keenan Allen (Anytime TD),Chicago Bears,Carolina Panthers
128,1598265371,Yes,454,4442359427,4.37,0.5,Rome Odunze (Anytime TD),Chicago Bears,Carolina Panthers
129,1598265372,No,455,4442359428,1.198,0.5,Rome Odunze (Anytime TD),Chicago Bears,Carolina Panthers
130,1598264856,Yes,454,4442580154,4.83,,Caleb Williams (Anytime TD),Chicago Bears,Carolina Panthers
131,1598264857,No,455,4442580155,1.167,,Caleb Williams (Anytime TD),Chicago Bears,Carolina Panthers
132,1598265877,Yes,454,4442359407,6.39,0.5,Tommy Tremble (Anytime TD),Chicago Bears,Carolina Panthers
133,1598265878,No,455,4442359408,1.1,0.5,Tommy Tremble (Anytime TD),Chicago Bears,Carolina Panthers
134,1598265886,Yes,454,4442359397,4.56,0.5,Cole Kmet (Anytime TD),Chicago Bears,Carolina Panthers
135,1598265887,No,455,4442359398,1.183,0.5,Cole Kmet (Anytime TD),Chicago Bears,Carolina Panthers
136,1598265914,Yes,454,4442359359,9.24,0.5,Gerald Everett (Anytime TD),Chicago Bears,Carolina Panthers
137,1598265915,No,455,4442359360,1.05,0.5,Gerald Everett (Anytime TD),Chicago Bears,Carolina Panthers
138,1598281619,Yes,454,4442029411,,0.5,David Moore (Anytime TD),Chicago Bears,Carolina Panthers
139,1598281620,No,455,4442029412,,0.5,David Moore (Anytime TD),Chicago Bears,Carolina Panthers
140,1598281622,Yes,454,4441757293,,0.5,Ja'Tavion Sanders (Anytime TD),Chicago Bears,Carolina Panthers
141,1598281623,No,455,4441757294,,0.5,Ja'Tavion Sanders (Anytime TD),Chicago Bears,Carolina Panthers
142,1598289538,Yes,458,4442111237,4.42,0.5,Dalton Schultz (Anytime TD),Houston Texans,Buffalo Bills
143,1598289539,No,459,4442111238,1.194,0.5,Dalton Schultz (Anytime TD),Houston Texans,Buffalo Bills
144,1598289541,Yes,458,4442108906,9.96,0.5,Cade Stover (Anytime TD),Houston Texans,Buffalo Bills
145,1598289542,No,459,4442108907,1.043,0.5,Cade Stover (Anytime TD),Houston Texans,Buffalo Bills
146,1598289561,Yes,458,4442825272,2.38,,Nico Collins (Anytime TD),Houston Texans,Buffalo Bills
147,1598289562,No,459,4442825273,1.584,,Nico Collins (Anytime TD),Houston Texans,Buffalo Bills
148,1598289570,Yes,458,4442441220,2.7,,Stefon Diggs (Anytime TD),Houston Texans,Buffalo Bills
149,1598289571,No,459,4442441221,1.465,,Stefon Diggs (Anytime TD),Houston Texans,Buffalo Bills
150,1598289575,Yes,458,4442108920,7.05,0.5,C.J. Stroud (Anytime TD),Houston Texans,Buffalo Bills
151,1598289576,No,459,4442108921,1.084,0.5,C.J. Stroud (Anytime TD),Houston Texans,Buffalo Bills
152,1598289598,Yes,458,4442110639,2.18,0.5,James Cook (Anytime TD),Houston Texans,Buffalo Bills
153,1598289599,No,459,4442110640,1.689,0.5,James Cook (Anytime TD),Houston Texans,Buffalo Bills
154,1598289607,Yes,458,4442823347,2.56,,Josh Allen (BUF) (Anytime TD),Houston Texans,Buffalo Bills
155,1598289608,No,459,4442823348,1.512,,Josh Allen (BUF) (Anytime TD),Houston Texans,Buffalo Bills
156,1598289613,Yes,458,4442108394,4.95,0.5,Curtis Samuel (Anytime TD),Houston Texans,Buffalo Bills
157,1598289614,No,459,4442108395,1.159,0.5,Curtis Samuel (Anytime TD),Houston Texans,Buffalo Bills
158,1598289619,Yes,458,4442108392,4.98,0.5,Mack Hollins (Anytime TD),Houston Texans,Buffalo Bills
159,1598289620,No,459,4442108393,1.157,0.5,Mack Hollins (Anytime TD),Houston Texans,Buffalo Bills
160,1598289628,Yes,458,4442293758,3.64,,Dalton Kincaid (Anytime TD),Houston Texans,Buffalo Bills
161,1598289629,No,459,4442293759,1.274,,Dalton Kincaid (Anytime TD),Houston Texans,Buffalo Bills
162,1598289632,No,459,4442111254,1.098,0.5,Ray Davis (Anytime TD),Houston Texans,Buffalo Bills
163,1598289631,Yes,458,4442111253,6.47,0.5,Ray Davis (Anytime TD),Houston Texans,Buffalo Bills
164,1598289640,Yes,458,4442111251,3.5,0.5,Khalil Shakir (Anytime TD),Houston Texans,Buffalo Bills
165,1598289641,No,459,4442111252,1.293,0.5,Khalil Shakir (Anytime TD),Houston Texans,Buffalo Bills
166,1598289649,Yes,458,4443029156,3.62,,Keon Coleman (Anytime TD),Houston Texans,Buffalo Bills
167,1598289650,No,459,4443029157,1.277,,Keon Coleman (Anytime TD),Houston Texans,Buffalo Bills
168,1598289655,Yes,458,4442110627,8.66,0.5,Ty Johnson (Anytime TD),Houston Texans,Buffalo Bills
169,1598289656,No,459,4442110628,1.057,0.5,Ty Johnson (Anytime TD),Houston Texans,Buffalo Bills
170,1598289658,Yes,458,4442110609,8.39,0.5,Marquez Valdes-Scantling (Anytime TD),Houston Texans,Buffalo Bills
171,1598289659,No,459,4442110610,1.06,0.5,Marquez Valdes-Scantling (Anytime TD),Houston Texans,Buffalo Bills
172,1598289661,Yes,458,4442111241,8.01,0.5,Dawson Knox (Anytime TD),Houston Texans,Buffalo Bills
173,1598289662,No,459,4442111242,1.066,0.5,Dawson Knox (Anytime TD),Houston Texans,Buffalo Bills
174,1598290755,Yes,456,4442763730,1.574,0.5,Derrick Henry (Anytime TD),Cincinnati Bengals,Baltimore Ravens
175,1598290756,No,457,4442763731,2.41,0.5,Derrick Henry (Anytime TD),Cincinnati Bengals,Baltimore Ravens
176,1598290764,Yes,456,4442832726,2.85,,Lamar Jackson (Anytime TD),Cincinnati Bengals,Baltimore Ravens
177,1598290765,No,457,4442832727,1.421,,Lamar Jackson (Anytime TD),Cincinnati Bengals,Baltimore Ravens
178,1598290773,Yes,456,4442767194,4.36,0.5,Mark Andrews (Anytime TD),Cincinnati Bengals,Baltimore Ravens
179,1598290774,No,457,4442767195,1.199,0.5,Mark Andrews (Anytime TD),Cincinnati Bengals,Baltimore Ravens
180,1598290782,Yes,456,4442767374,4.99,0.5,Isaiah Likely (Anytime TD),Cincinnati Bengals,Baltimore Ravens
181,1598290783,No,457,4442767375,1.157,0.5,Isaiah Likely (Anytime TD),Cincinnati Bengals,Baltimore Ravens
182,1598290785,Yes,456,4442767337,4.49,0.5,Rashod Bateman (Anytime TD),Cincinnati Bengals,Baltimore Ravens
183,1598290786,No,457,4442767338,1.189,0.5,Rashod Bateman (Anytime TD),Cincinnati Bengals,Baltimore Ravens
184,1598290791,Yes,456,4442762804,10.88,0.5,Charlie Kolar (Anytime TD),Cincinnati Bengals,Baltimore Ravens
185,1598290792,No,457,4442762805,1.036,0.5,Charlie Kolar (Anytime TD),Cincinnati Bengals,Baltimore Ravens
186,1598290806,Yes,456,4442767378,3.23,0.5,Zay Flowers (Anytime TD),Cincinnati Bengals,Baltimore Ravens
187,1598290807,No,457,4442767379,1.336,0.5,Zay Flowers (Anytime TD),Cincinnati Bengals,Baltimore Ravens
188,1598290816,No,457,4442767239,1.217,0.5,Justice Hill (Anytime TD),Cincinnati Bengals,Baltimore Ravens
189,1598290815,Yes,456,4442767238,4.15,0.5,Justice Hill (Anytime TD),Cincinnati Bengals,Baltimore Ravens
190,1598290818,Yes,456,4442767186,6.26,0.5,Nelson Agholor (Anytime TD),Cincinnati Bengals,Baltimore Ravens
191,1598290819,No,457,4442767187,1.104,0.5,Nelson Agholor (Anytime TD),Cincinnati Bengals,Baltimore Ravens
192,1598356749,Yes,456,4442763738,5.91,0.5,Mike Gesicki (Anytime TD),Cincinnati Bengals,Baltimore Ravens
193,1598356750,No,457,4442763739,1.116,0.5,Mike Gesicki (Anytime TD),Cincinnati Bengals,Baltimore Ravens
194,1598356950,Yes,456,4442762759,10.76,0.5,Drew Sample (Anytime TD),Cincinnati Bengals,Baltimore Ravens
195,1598356951,No,457,4442762760,1.037,0.5,Drew Sample (Anytime TD),Cincinnati Bengals,Baltimore Ravens
196,1598355783,Yes,456,4442767230,2.29,0.5,Zack Moss (Anytime TD),Cincinnati Bengals,Baltimore Ravens
197,1598355784,No,457,4442767231,1.632,0.5,Zack Moss (Anytime TD),Cincinnati Bengals,Baltimore Ravens
198,1598355909,Yes,456,4442767364,2.37,0.5,Ja'Marr Chase (Anytime TD),Cincinnati Bengals,Baltimore Ravens
199,1598355910,No,457,4442767365,1.595,0.5,Ja'Marr Chase (Anytime TD),Cincinnati Bengals,Baltimore Ravens
200,1598355918,Yes,456,4442762824,2.65,0.5,Chase Brown (Anytime TD),Cincinnati Bengals,Baltimore Ravens
201,1598355919,No,457,4442762825,1.48,0.5,Chase Brown (Anytime TD),Cincinnati Bengals,Baltimore Ravens
202,1598356178,Yes,456,4442762802,2.88,0.5,Tee Higgins (Anytime TD),Cincinnati Bengals,Baltimore Ravens
203,1598356179,No,457,4442762803,1.413,0.5,Tee Higgins (Anytime TD),Cincinnati Bengals,Baltimore Ravens
204,1598356272,Yes,456,4442767368,4.29,0.5,Andrei Iosivas (Anytime TD),Cincinnati Bengals,Baltimore Ravens
205,1598356273,No,457,4442767369,1.205,0.5,Andrei Iosivas (Anytime TD),Cincinnati Bengals,Baltimore Ravens
206,1598356528,Yes,456,4442767224,6.02,0.5,Joe Burrow (Anytime TD),Cincinnati Bengals,Baltimore Ravens
207,1598356529,No,457,4442767225,1.112,0.5,Joe Burrow (Anytime TD),Cincinnati Bengals,Baltimore Ravens
208,1598357594,Yes,456,4442763792,6.08,0.5,Erick All Jr. (Anytime TD),Cincinnati Bengals,Baltimore Ravens
209,1598357595,No,457,4442763793,1.11,0.5,Erick All Jr. (Anytime TD),Cincinnati Bengals,Baltimore Ravens
210,1598369970,Yes,460,4442293764,2.92,0.5,Christian Kirk (Anytime TD),Jacksonville Jaguars,Indianapolis Colts
211,1598369971,No,461,4442293765,1.403,0.5,Christian Kirk (Anytime TD),Jacksonville Jaguars,Indianapolis Colts
212,1598369979,Yes,460,4442293786,3.0,0.5,Brian Thomas Jr. (Anytime TD),Jacksonville Jaguars,Indianapolis Colts
213,1598369980,No,461,4442293787,1.384,0.5,Brian Thomas Jr. (Anytime TD),Jacksonville Jaguars,Indianapolis Colts
214,1598369988,Yes,460,4442399796,3.95,,Gabe Davis (Anytime TD),Jacksonville Jaguars,Indianapolis Colts
215,1598369989,No,461,4442399797,1.238,,Gabe Davis (Anytime TD),Jacksonville Jaguars,Indianapolis Colts
216,1598369991,Yes,460,4442505152,5.69,,Trevor Lawrence (Anytime TD),Jacksonville Jaguars,Indianapolis Colts
217,1598369992,No,461,4442505153,1.125,,Trevor Lawrence (Anytime TD),Jacksonville Jaguars,Indianapolis Colts
218,1598369994,Yes,460,4442278452,11.88,0.5,Parker Washington (Anytime TD),Jacksonville Jaguars,Indianapolis Colts
219,1598369995,No,461,4442278453,1.03,0.5,Parker Washington (Anytime TD),Jacksonville Jaguars,Indianapolis Colts
220,1598370003,Yes,460,4442385509,4.57,,Tank Bigsby (Anytime TD),Jacksonville Jaguars,Indianapolis Colts
221,1598370004,No,461,4442385510,1.184,,Tank Bigsby (Anytime TD),Jacksonville Jaguars,Indianapolis Colts
222,1598370012,Yes,460,4442278412,3.6,0.5,Evan Engram (Anytime TD),Jacksonville Jaguars,Indianapolis Colts
223,1598370013,No,461,4442278413,1.28,0.5,Evan Engram (Anytime TD),Jacksonville Jaguars,Indianapolis Colts
224,1598370017,Yes,460,4442278414,8.43,0.5,D'Ernest Johnson (Anytime TD),Jacksonville Jaguars,Indianapolis Colts
225,1598370018,No,461,4442278415,1.06,0.5,D'Ernest Johnson (Anytime TD),Jacksonville Jaguars,Indianapolis Colts
226,1598370316,Yes,460,4442850010,2.11,,Travis Etienne Jr. (Anytime TD),Jacksonville Jaguars,Indianapolis Colts
227,1598370317,No,461,4442850011,1.746,,Travis Etienne Jr. (Anytime TD),Jacksonville Jaguars,Indianapolis Colts
228,1598374752,No,463,4442534036,1.427,0.5,De'Von Achane (Anytime TD),New England Patriots,Miami Dolphins
229,1598374751,Yes,462,4442534035,2.83,0.5,De'Von Achane (Anytime TD),New England Patriots,Miami Dolphins
230,1598374770,Yes,462,4442534023,3.18,0.5,Tyreek Hill (Anytime TD),New England Patriots,Miami Dolphins
231,1598374771,No,463,4442534024,1.347,0.5,Tyreek Hill (Anytime TD),New England Patriots,Miami Dolphins
232,1598374800,Yes,462,4442534551,4.34,0.5,Tyler Huntley (Anytime TD),New England Patriots,Miami Dolphins
233,1598374801,No,463,4442534552,1.201,0.5,Tyler Huntley (Anytime TD),New England Patriots,Miami Dolphins
234,1598375279,Yes,462,4442528364,4.46,0.5,Jaylen Waddle (Anytime TD),New England Patriots,Miami Dolphins
235,1598375280,No,463,4442528365,1.191,0.5,Jaylen Waddle (Anytime TD),New England Patriots,Miami Dolphins
236,1598375424,Yes,462,4442532841,9.43,0.5,Jonnu Smith (Anytime TD),New England Patriots,Miami Dolphins
237,1598375425,No,463,4442532842,1.048,0.5,Jonnu Smith (Anytime TD),New England Patriots,Miami Dolphins
238,1598375756,Yes,462,4442534019,,0.5,Durham Smythe (Anytime TD),New England Patriots,Miami Dolphins
239,1598375757,No,463,4442534020,,0.5,Durham Smythe (Anytime TD),New England Patriots,Miami Dolphins
240,1598375900,Yes,462,4442525822,11.73,0.5,Braxton Berrios (Anytime TD),New England Patriots,Miami Dolphins
241,1598375901,No,463,4442525823,1.031,0.5,Braxton Berrios (Anytime TD),New England Patriots,Miami Dolphins
242,1598375904,No,463,4442528389,1.068,0.5,Jaylen Wright (Anytime TD),New England Patriots,Miami Dolphins
243,1598375903,Yes,462,4442528388,7.87,0.5,Jaylen Wright (Anytime TD),New England Patriots,Miami Dolphins
244,1598227862,Yes,468,4442399307,2.19,0.5,James Conner (Anytime TD),San Francisco 49ers,Arizona Cardinals
245,1598227863,No,469,4442399308,1.684,0.5,James Conner (Anytime TD),San Francisco 49ers,Arizona Cardinals
246,1598227874,Yes,468,4442399331,3.15,0.5,Kyler Murray (Anytime TD),San Francisco 49ers,Arizona Cardinals
247,1598227875,No,469,4442399332,1.353,0.5,Kyler Murray (Anytime TD),San Francisco 49ers,Arizona Cardinals
248,1598227883,Yes,468,4442399333,4.12,0.5,Greg Dortch (Anytime TD),San Francisco 49ers,Arizona Cardinals
249,1598227884,No,469,4442399334,1.22,0.5,Greg Dortch (Anytime TD),San Francisco 49ers,Arizona Cardinals
250,1598227886,Yes,468,4442380143,8.08,0.5,Emari Demercado (Anytime TD),San Francisco 49ers,Arizona Cardinals
251,1598227887,No,469,4442380144,1.065,0.5,Emari Demercado (Anytime TD),San Francisco 49ers,Arizona Cardinals
252,1598227898,Yes,468,4442394473,4.08,0.5,Michael Wilson (Anytime TD),San Francisco 49ers,Arizona Cardinals
253,1598227899,No,469,4442394474,1.223,0.5,Michael Wilson (Anytime TD),San Francisco 49ers,Arizona Cardinals
254,1598227901,Yes,468,4442397589,7.06,0.5,Trey Benson (Anytime TD),San Francisco 49ers,Arizona Cardinals
255,1598227902,No,469,4442397590,1.084,0.5,Trey Benson (Anytime TD),San Francisco 49ers,Arizona Cardinals
256,1598227910,Yes,468,4442397591,3.1,0.5,Marvin Harrison Jr. (Anytime TD),San Francisco 49ers,Arizona Cardinals
257,1598227911,No,469,4442397592,1.364,0.5,Marvin Harrison Jr. (Anytime TD),San Francisco 49ers,Arizona Cardinals
258,1598228783,Yes,466,4442447812,,0.5,Ameer Abdullah (Anytime TD),Denver Broncos,Las Vegas Raiders
259,1598228784,No,467,4442447813,,0.5,Ameer Abdullah (Anytime TD),Denver Broncos,Las Vegas Raiders
260,1598228792,Yes,466,4442448945,5.93,0.5,Josh Reynolds (Anytime TD),Denver Broncos,Las Vegas Raiders
261,1598228793,No,467,4442448946,1.115,0.5,Josh Reynolds (Anytime TD),Denver Broncos,Las Vegas Raiders
262,1598228801,Yes,466,4442448951,3.77,0.5,Courtland Sutton (Anytime TD),Denver Broncos,Las Vegas Raiders
263,1598228802,No,467,4442448952,1.257,0.5,Courtland Sutton (Anytime TD),Denver Broncos,Las Vegas Raiders
264,1598228807,Yes,466,4442448955,9.3,0.5,Gardner Minshew II (Anytime TD),Denver Broncos,Las Vegas Raiders
265,1598228808,No,467,4442448956,1.049,0.5,Gardner Minshew II (Anytime TD),Denver Broncos,Las Vegas Raiders
266,1598228810,Yes,466,4442448957,11.06,0.5,Adam Trautman (Anytime TD),Denver Broncos,Las Vegas Raiders
267,1598228811,No,467,4442448958,1.035,0.5,Adam Trautman (Anytime TD),Denver Broncos,Las Vegas Raiders
268,1598228819,Yes,466,4442448963,3.85,0.5,Jakobi Meyers (Anytime TD),Denver Broncos,Las Vegas Raiders
269,1598228820,No,467,4442448964,1.248,0.5,Jakobi Meyers (Anytime TD),Denver Broncos,Las Vegas Raiders
270,1598228825,Yes,466,4442448967,6.48,0.5,Lil'Jordan Humphrey (Anytime TD),Denver Broncos,Las Vegas Raiders
271,1598228826,No,467,4442448968,1.098,0.5,Lil'Jordan Humphrey (Anytime TD),Denver Broncos,Las Vegas Raiders
272,1598228828,Yes,466,4442449363,7.47,0.5,DJ Turner (Anytime TD),Denver Broncos,Las Vegas Raiders
273,1598228829,No,467,4442449364,1.075,0.5,DJ Turner (Anytime TD),Denver Broncos,Las Vegas Raiders
274,1598228837,Yes,466,4442447840,,0.5,Alexander Mattison (Anytime TD),Denver Broncos,Las Vegas Raiders
275,1598228838,No,467,4442447841,,0.5,Alexander Mattison (Anytime TD),Denver Broncos,Las Vegas Raiders
276,1598228846,Yes,466,4442448971,2.59,0.5,Javonte Williams (Anytime TD),Denver Broncos,Las Vegas Raiders
277,1598228847,No,467,4442448972,1.502,0.5,Javonte Williams (Anytime TD),Denver Broncos,Las Vegas Raiders
278,1598228849,Yes,466,4438474574,,0.5,Blake Watson (Anytime TD),Denver Broncos,Las Vegas Raiders
279,1598228850,No,467,4438474575,,0.5,Blake Watson (Anytime TD),Denver Broncos,Las Vegas Raiders
280,1598228858,Yes,466,4442952279,3.14,,Zamir White (Anytime TD),Denver Broncos,Las Vegas Raiders
281,1598228859,No,467,4442952280,1.355,,Zamir White (Anytime TD),Denver Broncos,Las Vegas Raiders
282,1598228861,Yes,466,4442448985,7.4,0.5,Greg Dulcich (Anytime TD),Denver Broncos,Las Vegas Raiders
283,1598228862,No,467,4442448986,1.077,0.5,Greg Dulcich (Anytime TD),Denver Broncos,Las Vegas Raiders
284,1598228873,Yes,466,4442447870,2.95,0.5,Bo Nix (Anytime TD),Denver Broncos,Las Vegas Raiders
285,1598228874,No,467,4442447871,1.395,0.5,Bo Nix (Anytime TD),Denver Broncos,Las Vegas Raiders
286,1598228876,Yes,466,4441053757,,0.5,Devaughn Vele (Anytime TD),Denver Broncos,Las Vegas Raiders
287,1598228877,No,467,4441053758,,0.5,Devaughn Vele (Anytime TD),Denver Broncos,Las Vegas Raiders
288,1598228885,Yes,466,4442452961,3.74,,Tre Tucker (Anytime TD),Denver Broncos,Las Vegas Raiders
289,1598228886,No,467,4442452962,1.261,,Tre Tucker (Anytime TD),Denver Broncos,Las Vegas Raiders
290,1598228888,Yes,466,4438487588,,0.5,Tyreik McAllister (Anytime TD),Denver Broncos,Las Vegas Raiders
291,1598228889,No,467,4438487589,,0.5,Tyreik McAllister (Anytime TD),Denver Broncos,Las Vegas Raiders
292,1598228891,Yes,466,4442448999,11.24,0.5,Marvin Mims Jr. (Anytime TD),Denver Broncos,Las Vegas Raiders
293,1598228892,No,467,4442449000,1.034,0.5,Marvin Mims Jr. (Anytime TD),Denver Broncos,Las Vegas Raiders
294,1598228894,Yes,466,4442449001,8.86,0.5,Michael Mayer (Anytime TD),Denver Broncos,Las Vegas Raiders
295,1598228895,No,467,4442449002,1.054,0.5,Michael Mayer (Anytime TD),Denver Broncos,Las Vegas Raiders
296,1598228903,Yes,466,4442449007,4.02,0.5,Jaleel McLaughlin (Anytime TD),Denver Broncos,Las Vegas Raiders
297,1598228904,No,467,4442449008,1.229,0.5,Jaleel McLaughlin (Anytime TD),Denver Broncos,Las Vegas Raiders
298,1598228912,Yes,466,4442449013,3.71,0.5,Brock Bowers (Anytime TD),Denver Broncos,Las Vegas Raiders
299,1598228913,No,467,4442449014,1.264,0.5,Brock Bowers (Anytime TD),Denver Broncos,Las Vegas Raiders
300,1598370331,Yes,468,4442399295,9.37,0.5,Kyle Juszczyk (Anytime TD),San Francisco 49ers,Arizona Cardinals
301,1598370332,No,469,4442399296,1.049,0.5,Kyle Juszczyk (Anytime TD),San Francisco 49ers,Arizona Cardinals
302,1598370346,Yes,468,4442648634,2.7,,George Kittle (Anytime TD),San Francisco 49ers,Arizona Cardinals
303,1598370347,No,469,4442648635,1.467,,George Kittle (Anytime TD),San Francisco 49ers,Arizona Cardinals
304,1598370355,Yes,468,4442399313,1.909,0.5,Deebo Samuel Sr. (Anytime TD),San Francisco 49ers,Arizona Cardinals
305,1598370356,No,469,4442399314,1.909,0.5,Deebo Samuel Sr. (Anytime TD),San Francisco 49ers,Arizona Cardinals
306,1598370364,Yes,468,4442399315,3.69,0.5,Jauan Jennings (Anytime TD),San Francisco 49ers,Arizona Cardinals
307,1598370365,No,469,4442399316,1.268,0.5,Jauan Jennings (Anytime TD),San Francisco 49ers,Arizona Cardinals
308,1598370368,No,469,4442380124,1.037,0.5,Patrick Taylor Jr. (Anytime TD),San Francisco 49ers,Arizona Cardinals
309,1598370367,Yes,468,4442380123,10.73,0.5,Patrick Taylor Jr. (Anytime TD),San Francisco 49ers,Arizona Cardinals
310,1598370376,Yes,468,4442399337,2.74,0.5,Brandon Aiyuk (Anytime TD),San Francisco 49ers,Arizona Cardinals
311,1598370377,No,469,4442399338,1.452,0.5,Brandon Aiyuk (Anytime TD),San Francisco 49ers,Arizona Cardinals
312,1598370385,Yes,468,4442399345,1.529,0.5,Jordan Mason (Anytime TD),San Francisco 49ers,Arizona Cardinals
313,1598370386,No,469,4442399346,2.52,0.5,Jordan Mason (Anytime TD),San Francisco 49ers,Arizona Cardinals
314,1598370388,Yes,468,4442397583,6.07,0.5,Brock Purdy (Anytime TD),San Francisco 49ers,Arizona Cardinals
315,1598370389,No,469,4442397584,1.11,0.5,Brock Purdy (Anytime TD),San Francisco 49ers,Arizona Cardinals
316,1598370391,Yes,468,4442399351,8.23,0.5,Isaac Guerendo (Anytime TD),San Francisco 49ers,Arizona Cardinals
317,1598370392,No,469,4442399352,1.063,0.5,Isaac Guerendo (Anytime TD),San Francisco 49ers,Arizona Cardinals
318,1598276698,Yes,472,4442898852,1.757,,Kenneth Walker III (Anytime TD),Seattle Seahawks,New York Giants
319,1598276699,No,473,4442898853,2.09,,Kenneth Walker III (Anytime TD),Seattle Seahawks,New York Giants
320,1598276707,Yes,472,4442165291,2.58,0.5,DK Metcalf (Anytime TD),Seattle Seahawks,New York Giants
321,1598276708,No,473,4442165292,1.505,0.5,DK Metcalf (Anytime TD),Seattle Seahawks,New York Giants
322,1598276713,Yes,472,4442232705,3.38,,Jaxon Smith-Njigba (Anytime TD),Seattle Seahawks,New York Giants
323,1598276714,No,473,4442232706,1.312,,Jaxon Smith-Njigba (Anytime TD),Seattle Seahawks,New York Giants
324,1598276722,Yes,472,4442166488,4.13,0.5,Zach Charbonnet (Anytime TD),Seattle Seahawks,New York Giants
325,1598276723,No,473,4442166489,1.218,0.5,Zach Charbonnet (Anytime TD),Seattle Seahawks,New York Giants
326,1598276733,Yes,472,4442234446,3.57,,Tyler Lockett (Anytime TD),Seattle Seahawks,New York Giants
327,1598276734,No,473,4442234447,1.284,,Tyler Lockett (Anytime TD),Seattle Seahawks,New York Giants
328,1598276736,Yes,472,4442165281,6.2,0.5,Noah Fant (Anytime TD),Seattle Seahawks,New York Giants
329,1598276737,No,473,4442165282,1.106,0.5,Noah Fant (Anytime TD),Seattle Seahawks,New York Giants
330,1598276748,Yes,472,4442165269,7.3,0.5,Geno Smith (Anytime TD),Seattle Seahawks,New York Giants
331,1598276749,No,473,4442165270,1.079,0.5,Geno Smith (Anytime TD),Seattle Seahawks,New York Giants
332,1598276754,Yes,472,4442164664,12.06,0.5,AJ Barner (Anytime TD),Seattle Seahawks,New York Giants
333,1598276755,No,473,4442164665,1.029,0.5,AJ Barner (Anytime TD),Seattle Seahawks,New York Giants
334,1598276757,Yes,472,4442160055,11.45,0.5,Pharaoh Brown (Anytime TD),Seattle Seahawks,New York Giants
335,1598276758,No,473,4442160056,1.032,0.5,Pharaoh Brown (Anytime TD),Seattle Seahawks,New York Giants
336,1598276763,Yes,472,4442165293,13.29,0.5,Jake Bobo (Anytime TD),Seattle Seahawks,New York Giants
337,1598276764,No,473,4442165294,1.024,0.5,Jake Bobo (Anytime TD),Seattle Seahawks,New York Giants
338,1598278078,Yes,472,4441610553,,0.5,Tyrone Tracy Jr. (Anytime TD),Seattle Seahawks,New York Giants
339,1598278079,No,473,4441610554,,0.5,Tyrone Tracy Jr. (Anytime TD),Seattle Seahawks,New York Giants
340,1598278087,Yes,472,4441607673,,0.5,Wan'Dale Robinson (Anytime TD),Seattle Seahawks,New York Giants
341,1598278088,No,473,4441607674,,0.5,Wan'Dale Robinson (Anytime TD),Seattle Seahawks,New York Giants
342,1598278096,Yes,472,4442166498,2.61,0.5,Malik Nabers (Anytime TD),Seattle Seahawks,New York Giants
343,1598278097,No,473,4442166499,1.495,0.5,Malik Nabers (Anytime TD),Seattle Seahawks,New York Giants
344,1598278105,Yes,472,4442167449,2.43,0.5,Devin Singletary (Anytime TD),Seattle Seahawks,New York Giants
345,1598278106,No,473,4442167450,1.564,0.5,Devin Singletary (Anytime TD),Seattle Seahawks,New York Giants
346,1598278114,Yes,472,4442167439,3.92,0.5,Daniel Jones (Anytime TD),Seattle Seahawks,New York Giants
347,1598278115,No,473,4442167440,1.24,0.5,Daniel Jones (Anytime TD),Seattle Seahawks,New York Giants
348,1598278123,Yes,472,4441607669,,0.5,Darius Slayton (Anytime TD),Seattle Seahawks,New York Giants
349,1598278124,No,473,4441607670,,0.5,Darius Slayton (Anytime TD),Seattle Seahawks,New York Giants
350,1598278126,Yes,472,4442167467,7.01,0.5,Theo Johnson (Anytime TD),Seattle Seahawks,New York Giants
351,1598278127,No,473,4442167468,1.085,0.5,Theo Johnson (Anytime TD),Seattle Seahawks,New York Giants
352,1598277971,Yes,472,4441607675,,0.5,Jalin Hyatt (Anytime TD),Seattle Seahawks,New York Giants
353,1598277972,No,473,4441607676,,0.5,Jalin Hyatt (Anytime TD),Seattle Seahawks,New York Giants
354,1598358315,Yes,470,4442901173,1.854,,Josh Jacobs (Anytime TD),Los Angeles Rams,Green Bay Packers
355,1598358316,No,471,4442901174,1.97,,Josh Jacobs (Anytime TD),Los Angeles Rams,Green Bay Packers
356,1598358325,Yes,470,4442804235,2.08,0.5,Jayden Reed (Anytime TD),Los Angeles Rams,Green Bay Packers
357,1598358326,No,471,4442804236,1.763,0.5,Jayden Reed (Anytime TD),Los Angeles Rams,Green Bay Packers
358,1598358334,Yes,470,4442800295,2.85,0.5,Romeo Doubs (Anytime TD),Los Angeles Rams,Green Bay Packers
359,1598358335,No,471,4442800296,1.421,0.5,Romeo Doubs (Anytime TD),Los Angeles Rams,Green Bay Packers
360,1598358343,Yes,470,4442804259,3.76,0.5,Tucker Kraft (Anytime TD),Los Angeles Rams,Green Bay Packers
361,1598358344,No,471,4442804260,1.258,0.5,Tucker Kraft (Anytime TD),Los Angeles Rams,Green Bay Packers
362,1598358352,Yes,470,4442804253,2.94,0.5,Dontayvion Wicks (Anytime TD),Los Angeles Rams,Green Bay Packers
363,1598358353,No,471,4442804254,1.398,0.5,Dontayvion Wicks (Anytime TD),Los Angeles Rams,Green Bay Packers
364,1598358358,Yes,470,4442804263,4.57,0.5,Emanuel Wilson (Anytime TD),Los Angeles Rams,Green Bay Packers
365,1598358359,No,471,4442804264,1.183,0.5,Emanuel Wilson (Anytime TD),Los Angeles Rams,Green Bay Packers
366,1598358361,Yes,470,4442804255,5.78,0.5,Luke Musgrave (Anytime TD),Los Angeles Rams,Green Bay Packers
367,1598358362,No,471,4442804256,1.12,0.5,Luke Musgrave (Anytime TD),Los Angeles Rams,Green Bay Packers
368,1598358364,Yes,470,4442991308,8.54,,Jordan Love (Anytime TD),Los Angeles Rams,Green Bay Packers
369,1598358365,No,471,4442991309,1.059,,Jordan Love (Anytime TD),Los Angeles Rams,Green Bay Packers
370,1598358370,Yes,470,4442800273,9.09,0.5,Bo Melton (Anytime TD),Los Angeles Rams,Green Bay Packers
371,1598358371,No,471,4442800274,1.052,0.5,Bo Melton (Anytime TD),Los Angeles Rams,Green Bay Packers
372,1598358380,Yes,470,4442804261,,0.5,Malik Heath (Anytime TD),Los Angeles Rams,Green Bay Packers
373,1598358381,No,471,4442804262,,0.5,Malik Heath (Anytime TD),Los Angeles Rams,Green Bay Packers
374,1598358528,Yes,470,4442804245,1.515,0.5,Kyren Williams (Anytime TD),Los Angeles Rams,Green Bay Packers
375,1598358529,No,471,4442804246,2.55,0.5,Kyren Williams (Anytime TD),Los Angeles Rams,Green Bay Packers
376,1598358540,Yes,470,4443025759,3.44,,Tutu Atwell (Anytime TD),Los Angeles Rams,Green Bay Packers
377,1598358541,No,471,4443025760,1.303,,Tutu Atwell (Anytime TD),Los Angeles Rams,Green Bay Packers
378,1598358713,Yes,470,4442804239,3.66,0.5,Jordan Whittington (Anytime TD),Los Angeles Rams,Green Bay Packers
379,1598358714,No,471,4442804240,1.271,0.5,Jordan Whittington (Anytime TD),Los Angeles Rams,Green Bay Packers
380,1598358839,Yes,470,4442011628,,0.5,Matthew Stafford (Anytime TD),Los Angeles Rams,Green Bay Packers
381,1598358840,No,471,4442011629,,0.5,Matthew Stafford (Anytime TD),Los Angeles Rams,Green Bay Packers
382,1598358851,Yes,470,4442802242,3.94,0.5,Colby Parkinson (Anytime TD),Los Angeles Rams,Green Bay Packers
383,1598358852,No,471,4442802243,1.238,0.5,Colby Parkinson (Anytime TD),Los Angeles Rams,Green Bay Packers
384,1598358860,Yes,470,4442990975,4.08,,Demarcus Robinson (Anytime TD),Los Angeles Rams,Green Bay Packers
385,1598358861,No,471,4442990976,1.225,,Demarcus Robinson (Anytime TD),Los Angeles Rams,Green Bay Packers
386,1598358866,Yes,470,4442804173,5.69,0.5,Tyler Johnson (Anytime TD),Los Angeles Rams,Green Bay Packers
387,1598358867,No,471,4442804174,1.124,0.5,Tyler Johnson (Anytime TD),Los Angeles Rams,Green Bay Packers
388,1598358869,Yes,470,4442804203,5.63,0.5,Ronnie Rivers (Anytime TD),Los Angeles Rams,Green Bay Packers
389,1598358870,No,471,4442804204,1.126,0.5,Ronnie Rivers (Anytime TD),Los Angeles Rams,Green Bay Packers
390,1598272994,Yes,474,4442536556,5.75,0.5,Dak Prescott (Anytime TD),Pittsburgh Steelers,Dallas Cowboys
391,1598272995,No,475,4442536557,1.122,0.5,Dak Prescott (Anytime TD),Pittsburgh Steelers,Dallas Cowboys
392,1598273003,Yes,474,4441533763,,0.5,Brandin Cooks (Anytime TD),Pittsburgh Steelers,Dallas Cowboys
393,1598273004,No,475,4441533764,,0.5,Brandin Cooks (Anytime TD),Pittsburgh Steelers,Dallas Cowboys
394,1598273006,Yes,474,4442718155,5.73,0.5,KaVontae Turpin (Anytime TD),Pittsburgh Steelers,Dallas Cowboys
395,1598273007,No,475,4442718156,1.123,0.5,KaVontae Turpin (Anytime TD),Pittsburgh Steelers,Dallas Cowboys
396,1598273009,Yes,474,4442718157,10.83,0.5,Scotty Miller (Anytime TD),Pittsburgh Steelers,Dallas Cowboys
397,1598273010,No,475,4442718158,1.036,0.5,Scotty Miller (Anytime TD),Pittsburgh Steelers,Dallas Cowboys
398,1598273012,Yes,474,4442718159,6.05,0.5,Van Jefferson (Anytime TD),Pittsburgh Steelers,Dallas Cowboys
399,1598273013,No,475,4442718160,1.111,0.5,Van Jefferson (Anytime TD),Pittsburgh Steelers,Dallas Cowboys
400,1598273021,Yes,474,4442861012,2.21,,CeeDee Lamb (Anytime TD),Pittsburgh Steelers,Dallas Cowboys
401,1598273022,No,475,4442861013,1.675,,CeeDee Lamb (Anytime TD),Pittsburgh Steelers,Dallas Cowboys
402,1598273027,Yes,474,4442718169,5.88,0.5,Calvin Austin III (Anytime TD),Pittsburgh Steelers,Dallas Cowboys
403,1598273028,No,475,4442718170,1.117,0.5,Calvin Austin III (Anytime TD),Pittsburgh Steelers,Dallas Cowboys
404,1598273036,Yes,474,4442718173,3.79,0.5,Jake Ferguson (Anytime TD),Pittsburgh Steelers,Dallas Cowboys
405,1598273037,No,475,4442718174,1.256,0.5,Jake Ferguson (Anytime TD),Pittsburgh Steelers,Dallas Cowboys
406,1598273045,Yes,474,4443030095,4.0,,Jalen Tolbert (Anytime TD),Pittsburgh Steelers,Dallas Cowboys
407,1598273046,No,475,4443030096,1.233,,Jalen Tolbert (Anytime TD),Pittsburgh Steelers,Dallas Cowboys
408,1598273054,Yes,474,4442718183,2.76,0.5,Justin Fields (Anytime TD),Pittsburgh Steelers,Dallas Cowboys
409,1598273055,No,475,4442718184,1.446,0.5,Justin Fields (Anytime TD),Pittsburgh Steelers,Dallas Cowboys
410,1598273063,Yes,474,4442718187,4.51,0.5,Pat Freiermuth (Anytime TD),Pittsburgh Steelers,Dallas Cowboys
411,1598273064,No,475,4442718188,1.187,0.5,Pat Freiermuth (Anytime TD),Pittsburgh Steelers,Dallas Cowboys
412,1598273066,Yes,474,4442521693,11.03,0.5,Luke Schoonmaker (Anytime TD),Pittsburgh Steelers,Dallas Cowboys
413,1598273067,No,475,4442521694,1.035,0.5,Luke Schoonmaker (Anytime TD),Pittsburgh Steelers,Dallas Cowboys
414,1598273075,Yes,474,4442521528,2.87,0.5,George Pickens (Anytime TD),Pittsburgh Steelers,Dallas Cowboys
415,1598273076,No,475,4442521529,1.418,0.5,George Pickens (Anytime TD),Pittsburgh Steelers,Dallas Cowboys
416,1598273078,Yes,474,4442536598,7.13,0.5,Jalen Brooks (Anytime TD),Pittsburgh Steelers,Dallas Cowboys
417,1598273079,No,475,4442536599,1.082,0.5,Jalen Brooks (Anytime TD),Pittsburgh Steelers,Dallas Cowboys
418,1598273081,Yes,474,4442536602,,0.5,Roman Wilson (Anytime TD),Pittsburgh Steelers,Dallas Cowboys
419,1598273082,No,475,4442536603,,0.5,Roman Wilson (Anytime TD),Pittsburgh Steelers,Dallas Cowboys
420,1598355424,Yes,474,4442718153,3.86,0.5,Ezekiel Elliott (Anytime TD),Pittsburgh Steelers,Dallas Cowboys
421,1598355425,No,475,4442718154,1.246,0.5,Ezekiel Elliott (Anytime TD),Pittsburgh Steelers,Dallas Cowboys
422,1598355433,Yes,474,4442718165,3.53,0.5,Rico Dowdle (Anytime TD),Pittsburgh Steelers,Dallas Cowboys
423,1598355434,No,475,4442718166,1.289,0.5,Rico Dowdle (Anytime TD),Pittsburgh Steelers,Dallas Cowboys
424,1598355436,Yes,474,4442718189,,0.5,Hunter Luepke (Anytime TD),Pittsburgh Steelers,Dallas Cowboys
425,1598355437,No,475,4442718190,,0.5,Hunter Luepke (Anytime TD),Pittsburgh Steelers,Dallas Cowboys
426,1598355439,Yes,474,4442718193,12.86,0.5,Deuce Vaughn (Anytime TD),Pittsburgh Steelers,Dallas Cowboys
427,1598355440,No,475,4442718194,1.025,0.5,Deuce Vaughn (Anytime TD),Pittsburgh Steelers,Dallas Cowboys
428,1598290882,Yes,476,4443040854,2.39,0.5,Travis Kelce (Anytime TD),Kansas City Chiefs,New Orleans Saints
429,1598290883,No,477,4443040855,1.584,0.5,Travis Kelce (Anytime TD),Kansas City Chiefs,New Orleans Saints
430,1598290888,Yes,476,4443040864,13.36,0.5,Derek Carr (Anytime TD),Kansas City Chiefs,New Orleans Saints
431,1598290889,No,477,4443040865,1.033,0.5,Derek Carr (Anytime TD),Kansas City Chiefs,New Orleans Saints
432,1598290891,Yes,476,4442987153,,0.5,Jamaal Williams (Anytime TD),Kansas City Chiefs,New Orleans Saints
433,1598290892,No,477,4442987154,,0.5,Jamaal Williams (Anytime TD),Kansas City Chiefs,New Orleans Saints
434,1598290900,Yes,476,4443040870,2.95,0.5,Kareem Hunt (Anytime TD),Kansas City Chiefs,New Orleans Saints
435,1598290901,No,477,4443040871,1.396,0.5,Kareem Hunt (Anytime TD),Kansas City Chiefs,New Orleans Saints
436,1598290912,Yes,476,4443040882,2.24,0.5,Alvin Kamara (Anytime TD),Kansas City Chiefs,New Orleans Saints
437,1598290913,No,477,4443040883,1.657,0.5,Alvin Kamara (Anytime TD),Kansas City Chiefs,New Orleans Saints
438,1598290915,Yes,476,4443040884,6.74,0.5,Samaje Perine (Anytime TD),Kansas City Chiefs,New Orleans Saints
439,1598290916,No,477,4443040885,1.091,0.5,Samaje Perine (Anytime TD),Kansas City Chiefs,New Orleans Saints
440,1598290924,Yes,476,4443040886,5.03,0.5,Justin Watson (Anytime TD),Kansas City Chiefs,New Orleans Saints
441,1598290925,No,477,4443040887,1.155,0.5,Justin Watson (Anytime TD),Kansas City Chiefs,New Orleans Saints
442,1598290927,Yes,476,4443040888,6.08,0.5,JuJu Smith-Schuster (Anytime TD),Kansas City Chiefs,New Orleans Saints
443,1598290928,No,477,4443040889,1.11,0.5,JuJu Smith-Schuster (Anytime TD),Kansas City Chiefs,New Orleans Saints
444,1598290939,Yes,476,4443040902,4.6,0.5,Patrick Mahomes (Anytime TD),Kansas City Chiefs,New Orleans Saints
445,1598290940,No,477,4443040903,1.181,0.5,Patrick Mahomes (Anytime TD),Kansas City Chiefs,New Orleans Saints
446,1598290942,Yes,476,4443036807,9.05,0.5,Foster Moreau (Anytime TD),Kansas City Chiefs,New Orleans Saints
447,1598290943,No,477,4443036808,1.052,0.5,Foster Moreau (Anytime TD),Kansas City Chiefs,New Orleans Saints
448,1598290945,Yes,476,4443040904,6.42,0.5,Juwan Johnson (Anytime TD),Kansas City Chiefs,New Orleans Saints
449,1598290946,No,477,4443040905,1.1,0.5,Juwan Johnson (Anytime TD),Kansas City Chiefs,New Orleans Saints
450,1598290951,Yes,476,4443036813,8.98,0.5,Cedrick Wilson Jr. (Anytime TD),Kansas City Chiefs,New Orleans Saints
451,1598290952,No,477,4443036814,1.053,0.5,Cedrick Wilson Jr. (Anytime TD),Kansas City Chiefs,New Orleans Saints
452,1598290954,Yes,476,4443036815,9.99,0.5,Mecole Hardman (Anytime TD),Kansas City Chiefs,New Orleans Saints
453,1598290955,No,477,4443036816,1.043,0.5,Mecole Hardman (Anytime TD),Kansas City Chiefs,New Orleans Saints
454,1598290963,Yes,476,4443040908,3.46,0.5,Rashid Shaheed (Anytime TD),Kansas City Chiefs,New Orleans Saints
455,1598290964,No,477,4443040909,1.299,0.5,Rashid Shaheed (Anytime TD),Kansas City Chiefs,New Orleans Saints
456,1598290966,Yes,476,4443040910,6.64,0.5,Clyde Edwards-Helaire (Anytime TD),Kansas City Chiefs,New Orleans Saints
457,1598290967,No,477,4443040911,1.094,0.5,Clyde Edwards-Helaire (Anytime TD),Kansas City Chiefs,New Orleans Saints
458,1598290969,Yes,476,4443040912,7.75,0.5,Noah Gray (Anytime TD),Kansas City Chiefs,New Orleans Saints
459,1598290970,No,477,4443040913,1.07,0.5,Noah Gray (Anytime TD),Kansas City Chiefs,New Orleans Saints
460,1598290978,Yes,476,4443036833,3.32,0.5,Chris Olave (Anytime TD),Kansas City Chiefs,New Orleans Saints
461,1598290979,No,477,4443036834,1.321,0.5,Chris Olave (Anytime TD),Kansas City Chiefs,New Orleans Saints
462,1598290981,Yes,476,4443040918,9.33,0.5,Skyy Moore (Anytime TD),Kansas City Chiefs,New Orleans Saints
463,1598290982,No,477,4443040919,1.049,0.5,Skyy Moore (Anytime TD),Kansas City Chiefs,New Orleans Saints
464,1598290984,Yes,476,4443040920,11.82,0.5,Mason Tipton (Anytime TD),Kansas City Chiefs,New Orleans Saints
465,1598290985,No,477,4443040921,1.03,0.5,Mason Tipton (Anytime TD),Kansas City Chiefs,New Orleans Saints
466,1598290987,Yes,476,4442987201,,0.5,Kendre Miller (Anytime TD),Kansas City Chiefs,New Orleans Saints
467,1598290988,No,477,4442987202,,0.5,Kendre Miller (Anytime TD),Kansas City Chiefs,New Orleans Saints
468,1598290996,Yes,476,4443040924,2.98,0.5,Carson Steele (Anytime TD),Kansas City Chiefs,New Orleans Saints
469,1598290997,No,477,4443040925,1.389,0.5,Carson Steele (Anytime TD),Kansas City Chiefs,New Orleans Saints
470,1598291005,Yes,476,4443040934,3.0,0.5,Xavier Worthy (Anytime TD),Kansas City Chiefs,New Orleans Saints
471,1598291006,No,477,4443040935,1.386,0.5,Xavier Worthy (Anytime TD),Kansas City Chiefs,New Orleans Saints
472,1598290948,Yes,476,4443036811,,0.5,Adam Prentice (Anytime TD),Kansas City Chiefs,New Orleans Saints
473,1598290949,No,477,4443036812,,0.5,Adam Prentice (Anytime TD),Kansas City Chiefs,New Orleans Saints
